type,project_name,cost,approved,budget
project,p1,2.04,,
project,p2,2.93,,
project,p3,1.43,,
project,p4,2.05,,
project,p5,2.54,,
project,p6,1.11,,
project,p7,2.84,,
project,p8,1.11,,
project,p9,0.71,,
project,p10,2.02,,
project,p11,1.48,,
project,p12,2.47,,
project,p13,2.75,,
project,p14,2.25,,
project,p15,2.52,,
project,p16,1.87,,
project,p17,1.78,,
project,p18,2.12,,
project,p19,2.18,,
project,p20,1.14,,
project,p21,2.97,,
project,p22,2.75,,
project,p23,1.13,,
project,p24,2.72,,
project,p25,1.48,,
project,p26,2.8,,
project,p27,1.33,,
project,p28,2.88,,
project,p29,2.48,,
project,p30,1.18,,
project,p31,0.55,,
project,p32,2.63,,
project,p33,2.99,,
project,p34,1.97,,
project,p35,0.87,,
project,p36,0.65,,
project,p37,0.53,,
project,p38,2.26,,
project,p39,1.11,,
project,p40,2.27,,
project,p41,1.12,,
project,p42,2.51,,
project,p43,0.56,,
project,p44,1.03,,
project,p45,0.63,,
project,p46,2.2,,
project,p47,1.88,,
project,p48,2.57,,
project,p49,1.7,,
project,p50,1.31,,
project,p51,2.37,,
project,p52,2.27,,
project,p53,1.79,,
project,p54,0.8,,
project,p55,1.83,,
project,p56,2.31,,
project,p57,1.25,,
project,p58,1.35,,
project,p59,0.53,,
project,p60,2.43,,
project,p61,1.75,,
project,p62,2.09,,
project,p63,0.64,,
project,p64,1.68,,
project,p65,0.93,,
project,p66,0.96,,
project,p67,2.98,,
project,p68,1.1,,
project,p69,2.02,,
project,p70,1.14,,
project,p71,2.67,,
project,p72,2.55,,
project,p73,0.68,,
project,p74,1.47,,
project,p75,1.74,,
project,p76,2.29,,
project,p77,1.21,,
project,p78,1.96,,
project,p79,2.94,,
project,p80,0.82,,
project,p81,1.13,,
project,p82,1.7,,
project,p83,2.65,,
project,p84,2.46,,
project,p85,0.66,,
project,p86,0.72,,
project,p87,2.55,,
project,p88,1.17,,
project,p89,0.63,,
project,p90,1.27,,
project,p91,2.73,,
project,p92,0.98,,
project,p93,0.67,,
project,p94,1.41,,
project,p95,2.21,,
project,p96,1.78,,
project,p97,1.81,,
project,p98,2.37,,
project,p99,2.47,,
project,p100,0.79,,
project,p101,1.9,,
project,p102,2.82,,
project,p103,0.93,,
project,p104,2.78,,
project,p105,1.25,,
project,p106,1.33,,
project,p107,2.16,,
project,p108,2.38,,
project,p109,2.2,,
project,p110,0.63,,
project,p111,0.83,,
project,p112,1.14,,
project,p113,0.94,,
project,p114,2.16,,
project,p115,2.32,,
project,p116,2.38,,
project,p117,1.03,,
project,p118,2.54,,
project,p119,0.78,,
project,p120,1.63,,
project,p121,0.89,,
project,p122,2.63,,
project,p123,1.0,,
project,p124,2.34,,
project,p125,0.8,,
project,p126,1.54,,
project,p127,2.91,,
project,p128,2.55,,
project,p129,2.33,,
project,p130,2.28,,
project,p131,1.03,,
project,p132,1.46,,
project,p133,2.79,,
project,p134,1.71,,
project,p135,1.58,,
project,p136,1.74,,
project,p137,2.31,,
project,p138,2.48,,
project,p139,1.16,,
project,p140,2.18,,
project,p141,2.24,,
project,p142,0.84,,
project,p143,1.91,,
project,p144,0.59,,
project,p145,0.75,,
project,p146,2.61,,
project,p147,1.52,,
project,p148,1.28,,
project,p149,0.74,,
project,p150,2.51,,
project,p151,2.89,,
project,p152,0.65,,
project,p153,1.39,,
project,p154,2.2,,
project,p155,1.97,,
project,p156,1.28,,
project,p157,2.99,,
project,p158,2.35,,
project,p159,0.58,,
project,p160,0.58,,
project,p161,1.48,,
project,p162,1.56,,
project,p163,2.56,,
project,p164,0.62,,
project,p165,2.11,,
project,p166,1.92,,
project,p167,2.17,,
project,p168,2.43,,
project,p169,1.2,,
project,p170,1.37,,
project,p171,2.84,,
project,p172,1.11,,
project,p173,1.77,,
project,p174,1.32,,
project,p175,1.01,,
project,p176,2.82,,
project,p177,2.29,,
project,p178,1.67,,
project,p179,1.1,,
project,p180,1.41,,
project,p181,2.29,,
project,p182,2.45,,
project,p183,1.5,,
project,p184,0.53,,
project,p185,2.39,,
project,p186,1.55,,
project,p187,1.84,,
project,p188,2.47,,
project,p189,2.9,,
project,p190,2.1,,
project,p191,1.1,,
project,p192,1.24,,
project,p193,0.94,,
project,p194,1.16,,
project,p195,2.83,,
project,p196,1.94,,
project,p197,2.56,,
project,p198,1.12,,
project,p199,2.31,,
project,p200,0.85,,
project,p201,2.34,,
project,p202,1.33,,
project,p203,0.97,,
project,p204,1.77,,
project,p205,1.23,,
project,p206,2.19,,
project,p207,2.28,,
project,p208,2.44,,
project,p209,2.82,,
project,p210,2.37,,
project,p211,1.22,,
project,p212,2.79,,
project,p213,1.31,,
project,p214,0.51,,
project,p215,1.41,,
project,p216,1.35,,
project,p217,0.99,,
project,p218,2.7,,
project,p219,2.62,,
project,p220,2.75,,
project,p221,1.95,,
project,p222,2.26,,
project,p223,2.44,,
project,p224,1.37,,
project,p225,1.39,,
project,p226,1.73,,
project,p227,2.48,,
project,p228,2.41,,
project,p229,1.79,,
project,p230,1.11,,
project,p231,2.36,,
project,p232,2.38,,
project,p233,2.5,,
project,p234,2.42,,
project,p235,2.16,,
project,p236,1.74,,
project,p237,2.6,,
project,p238,2.03,,
project,p239,1.08,,
project,p240,2.5,,
project,p241,0.54,,
project,p242,1.0,,
project,p243,2.95,,
project,p244,2.21,,
project,p245,1.84,,
project,p246,2.55,,
project,p247,2.72,,
project,p248,2.4,,
project,p249,2.33,,
project,p250,2.26,,
project,p251,2.32,,
project,p252,1.45,,
project,p253,2.78,,
project,p254,1.03,,
project,p255,2.79,,
project,p256,1.42,,
project,p257,2.07,,
project,p258,0.6,,
project,p259,2.83,,
project,p260,2.48,,
project,p261,2.0,,
project,p262,1.45,,
project,p263,2.62,,
project,p264,1.94,,
project,p265,1.97,,
project,p266,2.79,,
project,p267,1.96,,
project,p268,1.17,,
project,p269,1.9,,
project,p270,2.7,,
project,p271,1.92,,
project,p272,2.19,,
project,p273,1.46,,
project,p274,2.92,,
project,p275,0.8,,
project,p276,1.49,,
project,p277,2.02,,
project,p278,1.36,,
project,p279,2.04,,
project,p280,0.58,,
project,p281,2.4,,
project,p282,2.37,,
project,p283,1.06,,
project,p284,2.25,,
project,p285,2.84,,
project,p286,2.39,,
project,p287,1.57,,
project,p288,0.91,,
project,p289,0.54,,
project,p290,0.97,,
project,p291,2.33,,
project,p292,0.9,,
project,p293,0.77,,
project,p294,1.87,,
project,p295,1.74,,
project,p296,1.03,,
project,p297,1.81,,
project,p298,1.55,,
project,p299,2.49,,
project,p300,2.36,,
project,p301,3.0,,
project,p302,2.63,,
project,p303,1.84,,
project,p304,2.88,,
project,p305,2.24,,
project,p306,2.81,,
project,p307,2.31,,
project,p308,1.45,,
project,p309,2.95,,
project,p310,2.94,,
project,p311,0.81,,
project,p312,1.39,,
project,p313,2.06,,
project,p314,0.8,,
project,p315,1.72,,
project,p316,0.72,,
project,p317,1.82,,
project,p318,1.84,,
project,p319,2.02,,
project,p320,2.46,,
project,p321,1.54,,
project,p322,2.73,,
project,p323,2.03,,
project,p324,1.5,,
project,p325,2.98,,
project,p326,2.32,,
project,p327,0.56,,
project,p328,1.96,,
project,p329,2.88,,
project,p330,1.69,,
project,p331,1.14,,
project,p332,0.89,,
project,p333,2.78,,
project,p334,2.0,,
project,p335,1.89,,
project,p336,1.28,,
project,p337,0.72,,
project,p338,2.29,,
project,p339,1.15,,
project,p340,2.4,,
project,p341,0.69,,
project,p342,2.67,,
project,p343,2.92,,
project,p344,1.4,,
project,p345,2.27,,
project,p346,0.67,,
project,p347,0.75,,
project,p348,1.66,,
project,p349,0.67,,
project,p350,0.78,,
project,p351,0.84,,
project,p352,2.27,,
project,p353,2.75,,
project,p354,1.28,,
project,p355,2.38,,
project,p356,2.86,,
project,p357,0.83,,
project,p358,1.88,,
project,p359,2.64,,
project,p360,2.34,,
project,p361,1.27,,
project,p362,2.56,,
project,p363,1.6,,
project,p364,1.9,,
project,p365,0.65,,
project,p366,1.04,,
project,p367,2.4,,
project,p368,1.08,,
project,p369,1.76,,
project,p370,0.96,,
project,p371,1.56,,
project,p372,2.07,,
project,p373,2.82,,
project,p374,0.85,,
project,p375,2.85,,
project,p376,2.49,,
project,p377,0.61,,
project,p378,1.57,,
project,p379,1.38,,
project,p380,1.09,,
project,p381,0.73,,
project,p382,2.58,,
project,p383,1.18,,
project,p384,2.29,,
project,p385,2.29,,
project,p386,2.14,,
project,p387,1.96,,
project,p388,2.29,,
project,p389,2.59,,
project,p390,0.91,,
project,p391,2.96,,
project,p392,1.52,,
project,p393,2.87,,
project,p394,0.94,,
project,p395,1.36,,
project,p396,1.16,,
project,p397,1.54,,
project,p398,2.31,,
project,p399,0.92,,
project,p400,0.67,,
project,p401,1.59,,
project,p402,2.59,,
project,p403,1.24,,
project,p404,2.57,,
project,p405,1.73,,
project,p406,0.72,,
project,p407,0.69,,
project,p408,1.91,,
project,p409,1.76,,
project,p410,1.85,,
project,p411,1.6,,
project,p412,0.94,,
project,p413,1.02,,
project,p414,1.82,,
project,p415,1.63,,
project,p416,1.03,,
project,p417,1.66,,
project,p418,1.94,,
project,p419,1.18,,
project,p420,0.69,,
project,p421,2.4,,
project,p422,1.3,,
project,p423,1.21,,
project,p424,0.56,,
project,p425,2.02,,
project,p426,0.8,,
project,p427,2.26,,
project,p428,2.2,,
project,p429,0.78,,
project,p430,1.8,,
project,p431,0.83,,
project,p432,2.34,,
project,p433,1.2,,
project,p434,2.99,,
project,p435,2.1,,
project,p436,0.59,,
project,p437,1.31,,
project,p438,1.1,,
project,p439,2.34,,
project,p440,1.56,,
project,p441,2.96,,
project,p442,2.64,,
project,p443,2.11,,
project,p444,2.5,,
project,p445,0.6,,
project,p446,2.65,,
project,p447,2.38,,
project,p448,1.95,,
project,p449,2.28,,
project,p450,1.87,,
project,p451,1.74,,
project,p452,2.57,,
project,p453,1.5,,
project,p454,0.87,,
project,p455,1.73,,
project,p456,2.78,,
project,p457,2.88,,
project,p458,2.49,,
project,p459,2.88,,
project,p460,2.2,,
project,p461,2.88,,
project,p462,1.69,,
project,p463,1.96,,
project,p464,2.62,,
project,p465,1.31,,
project,p466,0.75,,
project,p467,1.07,,
project,p468,0.66,,
project,p469,1.4,,
project,p470,1.5,,
project,p471,1.22,,
project,p472,0.96,,
project,p473,0.57,,
project,p474,2.82,,
project,p475,0.86,,
project,p476,2.32,,
project,p477,2.95,,
project,p478,2.25,,
project,p479,1.85,,
project,p480,2.27,,
project,p481,2.57,,
project,p482,1.08,,
project,p483,0.85,,
project,p484,1.1,,
project,p485,2.18,,
project,p486,2.57,,
project,p487,1.23,,
project,p488,2.49,,
project,p489,1.05,,
project,p490,1.88,,
project,p491,2.38,,
project,p492,1.29,,
project,p493,2.39,,
project,p494,2.66,,
project,p495,1.44,,
project,p496,2.85,,
project,p497,1.05,,
project,p498,1.53,,
project,p499,2.42,,
project,p500,2.17,,
project,p501,1.62,,
project,p502,1.42,,
project,p503,2.77,,
project,p504,0.96,,
project,p505,0.76,,
project,p506,1.04,,
project,p507,1.13,,
project,p508,1.11,,
project,p509,2.02,,
project,p510,2.99,,
project,p511,2.42,,
project,p512,0.56,,
project,p513,0.56,,
project,p514,0.59,,
project,p515,0.69,,
project,p516,0.52,,
project,p517,2.33,,
project,p518,2.01,,
project,p519,1.61,,
project,p520,1.04,,
project,p521,1.91,,
project,p522,2.62,,
project,p523,1.59,,
project,p524,0.66,,
project,p525,1.12,,
project,p526,0.71,,
project,p527,2.92,,
project,p528,1.66,,
project,p529,2.84,,
project,p530,2.79,,
project,p531,2.24,,
project,p532,1.19,,
project,p533,1.42,,
project,p534,1.22,,
project,p535,2.9,,
project,p536,1.27,,
project,p537,2.63,,
project,p538,1.26,,
project,p539,2.0,,
project,p540,2.77,,
project,p541,2.72,,
project,p542,0.66,,
project,p543,1.22,,
project,p544,2.58,,
project,p545,2.16,,
project,p546,1.54,,
project,p547,2.61,,
project,p548,2.2,,
project,p549,1.02,,
project,p550,1.96,,
project,p551,1.1,,
project,p552,0.73,,
project,p553,2.5,,
project,p554,0.57,,
project,p555,0.88,,
project,p556,2.31,,
project,p557,2.78,,
project,p558,1.62,,
project,p559,1.48,,
project,p560,0.78,,
project,p561,1.54,,
project,p562,2.88,,
project,p563,0.64,,
project,p564,2.32,,
project,p565,1.94,,
project,p566,0.94,,
project,p567,1.01,,
project,p568,0.83,,
project,p569,1.79,,
project,p570,2.88,,
project,p571,2.16,,
project,p572,2.62,,
project,p573,1.15,,
project,p574,2.45,,
project,p575,1.95,,
project,p576,2.2,,
project,p577,2.76,,
project,p578,1.11,,
project,p579,1.45,,
project,p580,0.75,,
project,p581,0.87,,
project,p582,2.83,,
project,p583,0.86,,
project,p584,1.85,,
project,p585,2.57,,
project,p586,0.75,,
project,p587,1.55,,
project,p588,0.58,,
project,p589,1.66,,
project,p590,2.69,,
project,p591,1.66,,
project,p592,2.11,,
project,p593,0.56,,
project,p594,2.63,,
project,p595,0.75,,
project,p596,2.07,,
project,p597,2.15,,
project,p598,1.56,,
project,p599,2.67,,
project,p600,2.32,,
project,p601,1.4,,
project,p602,0.82,,
project,p603,2.15,,
project,p604,0.61,,
project,p605,1.31,,
project,p606,2.27,,
project,p607,0.97,,
project,p608,0.74,,
project,p609,1.63,,
project,p610,2.66,,
project,p611,1.91,,
project,p612,2.5,,
project,p613,1.49,,
project,p614,1.39,,
project,p615,0.72,,
project,p616,1.82,,
project,p617,1.5,,
project,p618,1.81,,
project,p619,0.54,,
project,p620,1.38,,
project,p621,2.95,,
project,p622,1.29,,
project,p623,2.86,,
project,p624,0.92,,
project,p625,2.41,,
project,p626,2.89,,
project,p627,2.25,,
project,p628,2.3,,
project,p629,1.6,,
project,p630,1.45,,
project,p631,1.86,,
project,p632,1.87,,
project,p633,2.26,,
project,p634,2.63,,
project,p635,1.24,,
project,p636,1.78,,
project,p637,0.91,,
project,p638,0.73,,
project,p639,2.76,,
project,p640,1.4,,
project,p641,2.64,,
project,p642,2.55,,
project,p643,1.96,,
project,p644,1.59,,
project,p645,1.76,,
project,p646,2.14,,
project,p647,1.67,,
project,p648,1.46,,
project,p649,1.24,,
project,p650,2.13,,
project,p651,1.09,,
project,p652,3.0,,
project,p653,0.53,,
project,p654,2.69,,
project,p655,1.56,,
project,p656,2.92,,
project,p657,2.25,,
project,p658,1.63,,
project,p659,0.73,,
project,p660,1.7,,
project,p661,2.87,,
project,p662,1.12,,
project,p663,0.66,,
project,p664,2.25,,
project,p665,0.66,,
project,p666,0.89,,
project,p667,2.68,,
project,p668,0.66,,
project,p669,2.31,,
project,p670,1.22,,
project,p671,1.86,,
project,p672,2.57,,
project,p673,0.65,,
project,p674,1.7,,
project,p675,1.82,,
project,p676,2.8,,
project,p677,0.69,,
project,p678,1.95,,
project,p679,1.09,,
project,p680,2.89,,
project,p681,1.54,,
project,p682,2.79,,
project,p683,2.79,,
project,p684,2.49,,
project,p685,1.46,,
project,p686,2.97,,
project,p687,1.46,,
project,p688,1.64,,
project,p689,2.94,,
project,p690,1.77,,
project,p691,2.01,,
project,p692,2.74,,
project,p693,1.4,,
project,p694,0.6,,
project,p695,1.29,,
project,p696,2.44,,
project,p697,2.07,,
project,p698,1.87,,
project,p699,1.01,,
project,p700,1.66,,
project,p701,1.93,,
project,p702,1.84,,
project,p703,1.7,,
project,p704,2.32,,
project,p705,2.9,,
project,p706,1.78,,
project,p707,2.62,,
project,p708,2.64,,
project,p709,1.02,,
project,p710,2.72,,
project,p711,2.63,,
project,p712,2.12,,
project,p713,2.46,,
project,p714,2.0,,
project,p715,2.06,,
project,p716,2.31,,
project,p717,1.26,,
project,p718,2.3,,
project,p719,2.99,,
project,p720,2.11,,
project,p721,2.92,,
project,p722,1.8,,
project,p723,2.5,,
project,p724,0.71,,
project,p725,0.72,,
project,p726,0.5,,
project,p727,1.88,,
project,p728,2.72,,
project,p729,2.17,,
project,p730,2.16,,
project,p731,0.64,,
project,p732,0.79,,
project,p733,2.95,,
project,p734,2.13,,
project,p735,0.9,,
project,p736,2.33,,
project,p737,2.01,,
project,p738,2.19,,
project,p739,0.64,,
project,p740,2.93,,
project,p741,2.73,,
project,p742,1.74,,
project,p743,1.28,,
project,p744,1.48,,
project,p745,1.57,,
project,p746,1.04,,
project,p747,1.41,,
project,p748,0.86,,
project,p749,2.24,,
project,p750,1.93,,
project,p751,1.81,,
project,p752,0.54,,
project,p753,1.71,,
project,p754,2.7,,
project,p755,0.7,,
project,p756,2.09,,
project,p757,1.84,,
project,p758,2.33,,
project,p759,1.8,,
project,p760,1.28,,
project,p761,1.16,,
project,p762,2.56,,
project,p763,2.54,,
project,p764,0.94,,
project,p765,2.76,,
project,p766,2.13,,
project,p767,2.28,,
project,p768,2.27,,
project,p769,2.94,,
project,p770,2.99,,
project,p771,1.73,,
project,p772,1.01,,
project,p773,0.73,,
project,p774,0.94,,
project,p775,1.5,,
project,p776,0.65,,
project,p777,2.18,,
project,p778,2.31,,
project,p779,2.5,,
project,p780,2.68,,
project,p781,2.58,,
project,p782,2.6,,
project,p783,0.97,,
project,p784,2.7,,
project,p785,2.71,,
project,p786,2.37,,
project,p787,1.86,,
project,p788,1.84,,
project,p789,0.72,,
project,p790,2.45,,
project,p791,2.96,,
project,p792,1.62,,
project,p793,1.81,,
project,p794,2.53,,
project,p795,2.07,,
project,p796,1.1,,
project,p797,1.31,,
project,p798,1.32,,
project,p799,0.92,,
project,p800,2.93,,
project,p801,2.1,,
project,p802,1.86,,
project,p803,1.09,,
project,p804,1.76,,
project,p805,0.61,,
project,p806,0.66,,
project,p807,1.34,,
project,p808,1.88,,
project,p809,1.81,,
project,p810,0.66,,
project,p811,2.56,,
project,p812,2.4,,
project,p813,1.83,,
project,p814,1.01,,
project,p815,2.14,,
project,p816,1.94,,
project,p817,1.8,,
project,p818,0.79,,
project,p819,2.88,,
project,p820,1.12,,
project,p821,1.07,,
project,p822,2.71,,
project,p823,2.8,,
project,p824,2.84,,
project,p825,1.92,,
project,p826,1.76,,
project,p827,2.12,,
project,p828,1.72,,
project,p829,0.97,,
project,p830,0.91,,
project,p831,1.63,,
project,p832,1.77,,
project,p833,1.79,,
project,p834,0.83,,
project,p835,1.03,,
project,p836,2.18,,
project,p837,0.84,,
project,p838,2.39,,
project,p839,0.57,,
project,p840,1.4,,
project,p841,2.96,,
project,p842,1.11,,
project,p843,2.25,,
project,p844,1.51,,
project,p845,2.71,,
project,p846,0.74,,
project,p847,0.77,,
project,p848,1.3,,
project,p849,1.58,,
project,p850,1.81,,
project,p851,2.52,,
project,p852,1.57,,
project,p853,2.17,,
project,p854,2.96,,
project,p855,1.78,,
project,p856,1.27,,
project,p857,0.51,,
project,p858,1.12,,
project,p859,2.59,,
project,p860,2.09,,
project,p861,2.69,,
project,p862,1.6,,
project,p863,1.65,,
project,p864,1.16,,
project,p865,1.77,,
project,p866,1.52,,
project,p867,1.42,,
project,p868,0.91,,
project,p869,2.79,,
project,p870,2.57,,
project,p871,1.16,,
project,p872,0.67,,
project,p873,0.84,,
project,p874,0.8,,
project,p875,2.21,,
project,p876,1.42,,
project,p877,2.47,,
project,p878,1.85,,
project,p879,2.78,,
project,p880,0.85,,
project,p881,2.13,,
project,p882,0.9,,
project,p883,0.62,,
project,p884,2.22,,
project,p885,2.43,,
project,p886,1.13,,
project,p887,1.13,,
project,p888,2.73,,
project,p889,0.8,,
project,p890,1.92,,
project,p891,2.15,,
project,p892,2.14,,
project,p893,1.91,,
project,p894,1.52,,
project,p895,1.33,,
project,p896,2.09,,
project,p897,0.81,,
project,p898,2.76,,
project,p899,1.22,,
project,p900,0.62,,
project,p901,2.08,,
project,p902,0.79,,
project,p903,2.12,,
project,p904,2.72,,
project,p905,2.41,,
project,p906,2.16,,
project,p907,1.95,,
project,p908,1.24,,
project,p909,2.28,,
project,p910,1.02,,
project,p911,1.98,,
project,p912,2.52,,
project,p913,2.11,,
project,p914,0.71,,
project,p915,2.19,,
project,p916,0.55,,
project,p917,2.81,,
project,p918,0.87,,
project,p919,2.94,,
project,p920,2.91,,
project,p921,2.48,,
project,p922,2.13,,
project,p923,2.86,,
project,p924,2.41,,
project,p925,1.49,,
project,p926,1.97,,
project,p927,1.76,,
project,p928,1.4,,
project,p929,2.21,,
project,p930,1.53,,
project,p931,2.85,,
project,p932,1.04,,
project,p933,1.71,,
project,p934,2.84,,
project,p935,2.94,,
project,p936,2.68,,
project,p937,2.22,,
project,p938,1.09,,
project,p939,1.22,,
project,p940,2.54,,
project,p941,0.82,,
project,p942,2.79,,
project,p943,0.63,,
project,p944,2.5,,
project,p945,1.09,,
project,p946,0.94,,
project,p947,1.83,,
project,p948,2.27,,
project,p949,0.94,,
project,p950,2.09,,
project,p951,1.95,,
project,p952,2.93,,
project,p953,1.62,,
project,p954,0.99,,
project,p955,1.45,,
project,p956,1.82,,
project,p957,2.73,,
project,p958,1.77,,
project,p959,2.89,,
project,p960,2.87,,
project,p961,2.82,,
project,p962,0.52,,
project,p963,2.58,,
project,p964,1.93,,
project,p965,2.67,,
project,p966,0.78,,
project,p967,0.96,,
project,p968,0.95,,
project,p969,2.65,,
project,p970,2.57,,
project,p971,1.3,,
project,p972,2.17,,
project,p973,1.32,,
project,p974,2.76,,
project,p975,2.1,,
project,p976,1.51,,
project,p977,2.03,,
project,p978,1.18,,
project,p979,0.52,,
project,p980,2.1,,
project,p981,2.84,,
project,p982,2.93,,
project,p983,2.13,,
project,p984,2.36,,
project,p985,2.89,,
project,p986,0.94,,
project,p987,2.89,,
project,p988,2.41,,
project,p989,0.75,,
project,p990,2.02,,
project,p991,1.19,,
project,p992,1.09,,
project,p993,0.73,,
project,p994,1.25,,
project,p995,2.16,,
project,p996,2.41,,
project,p997,2.91,,
project,p998,2.75,,
project,p999,1.95,,
project,p1000,1.18,,
instance,,,,500
ballot,,,p840;p283;p40;p223;p180;p460;p174;p576;p303;p450;p22;p711;p146;p45;p391;p304;p110,
ballot,,,p735;p797;p420;p909;p579;p958;p755;p359;p302;p668;p601;p489;p907;p220;p47;p177;p52;p127;p456,
ballot,,,p164;p282;p111;p331;p790;p752;p652;p922,
ballot,,,p782;p778;p594;p490;p841;p10;p392;p388,
ballot,,,p970;p357;p223;p509;p732;p575;p635;p669;p780,
ballot,,,p680;p872;p861;p831;p942;p627;p99;p58;p746;p500;p188;p815;p190;p855;p404;p22;p471;p381,
ballot,,,p841;p519;p407;p514;p757,
ballot,,,p478;p62;p361;p853;p532;p102;p978;p581,
ballot,,,p659;p660;p513;p858;p942;p199;p515;p644;p973,
ballot,,,p881;p375;p923;p129;p135;p831;p31;p793;p345;p498;p484;p847;p964;p435,
ballot,,,p301;p858;p546;p859;p562;p14;p473;p239;p217;p800;p452;p649;p356;p963;p998;p882;p302;p607;p499,
ballot,,,p678;p401;p140;p589;p667;p887;p298;p169;p53;p568;p377,
ballot,,,p38;p990;p204;p763;p823;p827;p498;p151;p711,
ballot,,,p62;p476;p1000;p31;p498;p977;p189;p350;p593;p284;p585;p216;p641,
ballot,,,p529;p170;p489;p684;p919;p116;p202;p315;p667;p335;p705;p863,
ballot,,,p576;p86;p143;p52;p309;p138;p100;p382;p463;p286;p456;p855;p449;p724;p880;p993;p595;p189;p303;p450,
ballot,,,p599;p847;p470;p985;p278;p286;p149;p228;p346;p62;p586;p11;p938;p485;p838;p357;p229;p299;p246;p669,
ballot,,,p435;p6;p127;p679;p196;p223;p900;p666;p583;p355,
ballot,,,p304;p483;p92;p847;p713;p513;p977;p520;p172;p617,
ballot,,,p250;p367;p183;p597;p880;p551;p39;p279;p829,
ballot,,,p566;p666;p249;p779;p102;p921;p347;p707;p401;p72;p804;p957;p303;p460;p111;p723;p453,
ballot,,,p336;p945;p671;p114;p753;p208;p894;p898;p712;p423;p188;p27;p971,
ballot,,,p26;p970;p224;p808;p846;p258;p405;p628,
ballot,,,p209;p425;p861;p347;p499,
ballot,,,p900;p560;p360;p914;p350;p924;p662;p60;p517;p781;p231;p474;p147;p707,
ballot,,,p125;p484;p85;p987;p880,
ballot,,,p918;p14;p428;p71;p788,
ballot,,,p973;p598;p542;p647;p269;p698;p953;p818;p630;p62;p231;p203;p505;p697;p176;p730,
ballot,,,p108;p163;p507;p267;p260;p776;p401;p736;p22;p4;p414;p932;p709;p833;p368;p639;p578;p47,
ballot,,,p228;p779;p208;p816;p342;p539,
ballot,,,p775;p536;p843;p400;p675;p202;p328;p285;p667;p687;p983;p19;p747;p819;p399;p462,
ballot,,,p529;p104;p70;p300;p541;p8;p918;p952;p283;p568;p805;p167;p870;p43;p298;p479;p213;p783,
ballot,,,p719;p297;p697;p597;p202;p447;p738;p437;p688;p943;p479;p223;p644;p279;p245;p856;p40;p910;p962;p246,
ballot,,,p902;p940;p151;p439;p637;p682,
ballot,,,p383;p698;p49;p892;p360;p912;p837;p416;p354;p476;p871,
ballot,,,p51;p998;p319;p136;p432;p131;p692;p499;p396;p551;p647;p883;p599;p358;p371;p747;p239;p162,
ballot,,,p788;p531;p164;p318;p873;p3;p617;p359;p957;p755,
ballot,,,p646;p677;p371;p876;p517;p266;p14;p395;p240;p829;p304;p24;p733;p424;p236;p134;p97;p812;p442;p17,
ballot,,,p393;p784;p224;p446;p953;p516;p707,
ballot,,,p203;p631;p522;p521;p787;p418;p997;p671;p702;p907,
ballot,,,p66;p929;p980;p850;p257;p816,
ballot,,,p712;p348;p153;p492;p432;p717;p641;p606;p190;p547;p435;p112;p98;p987,
ballot,,,p278;p955;p440;p896;p556;p577;p409;p891;p52;p547;p346;p992;p444;p528;p792;p821;p168;p308;p689,
ballot,,,p406;p669;p859;p107;p566;p379;p8;p213;p942;p680;p11;p766;p318,
ballot,,,p638;p934;p447;p882;p984;p377;p767;p236,
ballot,,,p894;p145;p311;p537;p644;p951;p237;p953;p546;p195;p255;p920,
ballot,,,p212;p446;p389;p340;p262;p946,
ballot,,,p170;p753;p380;p855;p949;p375;p348,
ballot,,,p769;p559;p285;p844;p346;p276;p924;p750,
ballot,,,p457;p720;p254;p7;p230;p990;p439;p239;p319;p406;p843;p867;p854;p144;p280;p405;p878;p52,
ballot,,,p673;p250;p583;p293;p265,
ballot,,,p781;p20;p595;p736;p967;p714;p238;p277;p460;p426;p300;p994;p726;p84;p299;p503,
ballot,,,p801;p100;p642;p606;p74;p778,
ballot,,,p344;p273;p237;p642;p545;p297;p293;p19;p184;p57;p795;p980;p379;p588,
ballot,,,p405;p501;p6;p329;p835;p803;p182;p115;p332;p300;p544;p667;p922;p648;p561;p694,
ballot,,,p885;p974;p329;p674;p389;p36;p181;p689;p381;p442;p764;p177;p939;p132;p832;p336;p656;p133;p383,
ballot,,,p230;p299;p548;p105;p302;p749;p902;p531;p593,
ballot,,,p901;p395;p254;p335;p571;p531,
ballot,,,p929;p837;p188;p395;p790;p424;p752;p549;p851;p651;p120;p502;p723;p472;p253;p941,
ballot,,,p186;p58;p465;p479;p941;p415;p374;p28;p56;p223;p313;p309;p183;p121,
ballot,,,p168;p706;p733;p527;p620;p535;p369;p204;p592;p172;p619;p863;p873;p134;p215;p618;p472;p90;p240,
ballot,,,p245;p693;p418;p501;p449;p93;p810;p491,
ballot,,,p686;p391;p725;p728;p589;p87;p513,
ballot,,,p690;p818;p235;p190;p441;p917;p937;p704;p383;p77;p34;p716;p678;p189;p181;p647,
ballot,,,p845;p773;p699;p408;p247;p201;p240;p200;p416;p909;p153;p319;p666;p720,
ballot,,,p308;p567;p155;p563;p199;p65;p482;p908;p466;p831;p932;p928;p999;p283;p796;p279;p346;p471,
ballot,,,p875;p529;p582;p321;p142,
ballot,,,p775;p934;p543;p492;p579;p371;p22,
ballot,,,p436;p692;p389;p827;p307;p532;p592;p121,
ballot,,,p681;p123;p297;p569;p567;p667;p70;p670;p852;p551;p547;p427;p873;p502;p740;p857,
ballot,,,p482;p895;p223;p211;p191;p49,
ballot,,,p799;p480;p212;p199;p592;p850;p304;p793;p928;p101;p301;p142;p768;p572;p904;p278;p585,
ballot,,,p317;p125;p625;p809;p578;p686;p765;p77;p321;p388;p476;p285;p778,
ballot,,,p503;p928;p234;p583;p650;p740;p101;p126;p946;p750;p519;p989;p276;p57;p434;p703;p395;p942,
ballot,,,p397;p678;p115;p942;p740;p728;p431;p933;p1000;p984;p889;p836;p216;p988;p866;p904;p802;p552;p333,
ballot,,,p282;p897;p349;p81;p687;p92;p129;p822;p856;p652;p632;p839;p175;p143;p330;p456;p911;p919;p30;p304,
ballot,,,p835;p970;p786;p975;p162;p822;p24;p799;p48;p713;p192;p611;p506;p455;p671,
ballot,,,p149;p326;p885;p814;p19;p239;p733;p676;p470;p709,
ballot,,,p267;p238;p813;p568;p95;p957;p68;p402;p617;p126;p499;p515;p815;p898;p497,
ballot,,,p906;p159;p313;p324;p418;p124;p21;p511;p776;p495;p574;p888;p339;p887;p126;p336;p179;p751;p225;p472,
ballot,,,p916;p469;p972;p391;p592;p857;p159;p856;p642;p773;p256;p684;p495;p556;p976;p808;p938,
ballot,,,p938;p273;p519;p246;p195;p320;p193;p200;p418;p55;p734;p904;p730,
ballot,,,p903;p279;p217;p961;p82;p780;p514,
ballot,,,p721;p724;p248;p426;p53;p577;p238;p658;p361;p881;p119,
ballot,,,p301;p591;p964;p866;p911;p281;p187;p809;p585,
ballot,,,p530;p123;p239;p695;p420;p300;p151,
ballot,,,p51;p792;p328;p716;p732;p337;p366;p140;p462;p743;p566;p284,
ballot,,,p149;p824;p431;p531;p38;p79;p330;p794;p947;p597;p955;p443;p260;p103;p676;p776;p313;p452;p12;p900,
ballot,,,p973;p324;p895;p352;p162;p325;p688;p25;p443,
ballot,,,p124;p904;p564;p365;p742;p890;p339;p145;p625;p570,
ballot,,,p436;p981;p450;p234;p311;p902;p426;p613;p272;p108;p16;p278;p61,
ballot,,,p235;p423;p845;p798;p104;p960;p115;p165;p47;p345;p771;p871;p210,
ballot,,,p758;p791;p386;p658;p193;p262;p69;p870,
ballot,,,p969;p625;p295;p816;p596;p665;p73;p341;p510;p304;p142;p239;p401;p93,
ballot,,,p85;p789;p339;p71;p302;p121;p17;p651;p955;p364;p461;p827;p797;p505,
ballot,,,p257;p143;p704;p73;p476;p426;p351,
ballot,,,p956;p338;p251;p862;p592;p809;p955;p465;p176;p597,
ballot,,,p186;p343;p941;p698;p942;p539;p134;p720;p273;p518;p499;p199;p850;p777,
ballot,,,p298;p119;p23;p496;p228;p491;p10;p512;p251;p640;p311;p628;p930;p811,
ballot,,,p15;p340;p876;p924;p50;p577;p46;p291;p680;p355;p275;p178;p650;p113;p760;p597,
ballot,,,p849;p618;p92;p606;p321;p297;p818;p75;p743;p592;p909;p375;p702;p109;p150;p158,
ballot,,,p358;p1000;p421;p371;p100;p361;p765;p704;p323;p432;p867;p886;p847;p45,
ballot,,,p841;p61;p759;p261;p797,
ballot,,,p133;p779;p424;p349;p267;p185;p706;p1;p889;p262;p762;p16;p795;p433;p949;p353;p291;p59;p58,
ballot,,,p828;p488;p66;p239;p998;p258;p852;p736;p238;p783;p446;p232;p282;p64;p705;p734;p97;p823,
ballot,,,p591;p725;p695;p781;p175;p467;p466;p186;p707;p520;p294;p755;p809;p607,
ballot,,,p883;p811;p708;p693;p676;p360;p682;p421;p507;p524,
ballot,,,p247;p495;p148;p276;p571;p529;p105;p379;p570;p503;p361;p250,
ballot,,,p1;p168;p920;p450;p202,
ballot,,,p655;p662;p495;p621;p720;p370;p123;p864;p151;p839,
ballot,,,p55;p22;p38;p590;p978;p935;p934;p240;p987;p840;p865;p593,
ballot,,,p121;p354;p647;p322;p225;p771;p544;p362;p247;p569;p355;p525;p575;p878;p671;p329;p740;p114;p591;p738,
ballot,,,p247;p75;p416;p932;p298;p614;p654;p642;p990;p110;p363;p633;p991;p858;p527;p457;p252;p847;p984,
ballot,,,p803;p430;p637;p80;p827;p252;p875;p501;p850;p185;p771;p152;p332;p712;p118;p985;p896;p72;p575;p847,
ballot,,,p57;p745;p311;p509;p222;p767;p576;p757;p131;p962;p42;p960;p567;p561;p346;p359;p889,
ballot,,,p384;p314;p298;p166;p254;p214;p259;p429;p530;p731;p650;p368;p856;p301;p970;p246;p900;p220;p893;p769,
ballot,,,p210;p661;p409;p867;p358;p3;p508;p29;p649;p49;p318;p615;p563;p817;p71;p493;p343,
ballot,,,p515;p537;p942;p201;p867;p830;p712;p8;p436;p563;p176;p858;p363;p715;p446;p333;p156;p844;p292,
ballot,,,p546;p623;p971;p615;p846;p33;p21;p404;p705;p262;p872;p29;p911;p981,
ballot,,,p530;p662;p163;p7;p954;p755;p626;p87;p54;p818,
ballot,,,p58;p418;p959;p844;p487;p527;p936;p651;p502;p255;p465;p739,
ballot,,,p34;p268;p349;p665;p331;p141;p222,
ballot,,,p965;p183;p65;p946;p33;p356;p528,
ballot,,,p390;p483;p141;p379;p525;p646;p425;p625;p521;p803;p714;p494;p709;p965;p475;p944;p13;p825;p588;p307,
ballot,,,p762;p901;p682;p575;p63,
ballot,,,p267;p313;p711;p244;p421;p26;p796;p677;p200;p725;p913;p937;p827,
ballot,,,p957;p588;p555;p495;p539;p500;p4;p279;p997;p692,
ballot,,,p329;p195;p125;p623;p600;p448;p901;p261;p222;p251;p390;p147;p771;p54;p893;p26;p909;p94,
ballot,,,p710;p543;p441;p164;p662;p531;p573;p353;p546;p309;p738,
ballot,,,p69;p577;p686;p271;p520;p147;p518;p304;p880;p855;p560;p308,
ballot,,,p785;p381;p825;p546;p483;p176;p755;p231;p251;p200;p367;p365;p749;p751;p710;p773;p271;p585;p873,
ballot,,,p407;p730;p104;p641;p975;p392;p369;p642;p802;p748;p86;p754;p838;p43;p625;p93;p827;p490;p833;p106,
ballot,,,p198;p30;p860;p932;p263;p149;p704;p205;p724;p451;p29,
ballot,,,p532;p375;p510;p487;p16;p480;p34;p112;p174;p300;p866;p977,
ballot,,,p542;p722;p281;p863;p647;p915;p676;p5;p226;p538;p849;p230;p470,
ballot,,,p575;p943;p328;p832;p971,
ballot,,,p274;p802;p743;p630;p976;p346;p155;p879;p682;p405;p831;p731;p826;p898;p664,
ballot,,,p469;p324;p603;p615;p917;p530;p559;p619;p512;p185,
ballot,,,p829;p342;p240;p3;p744;p208;p40;p838;p902,
ballot,,,p279;p975;p34;p896;p1;p526,
ballot,,,p844;p401;p634;p582;p774;p76;p820;p759;p904;p972;p276;p754,
ballot,,,p870;p798;p276;p986;p992;p648;p256;p17;p75;p546;p775;p884;p242;p102;p225;p10;p748;p288;p394,
ballot,,,p389;p603;p210;p270;p755,
ballot,,,p705;p125;p513;p747;p96;p966;p429;p331;p731;p396,
ballot,,,p657;p839;p473;p331;p127;p485;p747;p222;p162;p377;p991;p980;p903;p703;p373;p230,
ballot,,,p904;p234;p567;p5;p475;p660;p58;p544;p146;p28;p934;p988;p157;p788;p78,
ballot,,,p791;p516;p578;p731;p410;p304;p284;p127;p920;p646;p602;p671;p473;p975;p874,
ballot,,,p902;p988;p127;p453;p928;p7;p462,
ballot,,,p602;p752;p680;p656;p423;p841,
ballot,,,p500;p736;p517;p582;p572;p743;p75;p995;p913;p149;p938;p925;p810;p945;p262;p739;p905;p379;p814,
ballot,,,p453;p84;p706;p724;p609;p410;p607;p186;p289;p584,
ballot,,,p840;p592;p264;p914;p724;p35,
ballot,,,p655;p755;p980;p982;p730,
ballot,,,p439;p625;p539;p662;p344;p928;p580;p790;p147;p809;p444;p806;p764;p818;p871;p574;p886;p779;p418,
ballot,,,p374;p314;p616;p130;p23;p676;p156;p162,
ballot,,,p862;p477;p246;p992;p311;p379;p786;p397;p424;p18;p569,
ballot,,,p414;p279;p429;p217;p1;p301;p784;p443;p299;p44;p616;p408;p387;p952;p264,
ballot,,,p980;p544;p766;p62;p860;p982;p313;p966;p342;p345;p144;p940;p408;p134;p939;p347,
ballot,,,p4;p787;p958;p5;p730;p352;p300;p625;p612;p513;p39;p661;p649;p43;p723,
ballot,,,p128;p377;p355;p191;p727;p429;p980;p906;p94;p509;p563;p454;p223;p384;p317;p278;p611;p747;p143,
ballot,,,p448;p985;p149;p482;p85;p591;p996;p789;p344;p72;p964;p392;p144;p699;p513,
ballot,,,p157;p219;p588;p347;p861;p862;p450;p221;p321;p553;p361;p528;p915;p554;p442;p649,
ballot,,,p868;p588;p300;p302;p505;p574;p497;p841;p453;p763,
ballot,,,p538;p537;p153;p417;p529;p374,
ballot,,,p491;p587;p936;p237;p763;p196;p618;p910;p182;p77,
ballot,,,p111;p988;p911;p103;p147;p208;p690;p746;p276;p391;p740;p897;p937;p146;p274,
ballot,,,p364;p115;p113;p972;p512;p473;p621;p644;p883;p941;p235;p812,
ballot,,,p674;p632;p298;p620;p602;p345;p296;p371;p35;p390;p917;p479,
ballot,,,p882;p704;p312;p27;p688;p865,
ballot,,,p776;p323;p237;p12;p333;p685;p213;p792;p696;p348;p152;p156;p598;p757;p831;p300;p843;p26;p582,
ballot,,,p19;p740;p477;p658;p91;p452;p63;p680,
ballot,,,p323;p996;p908;p455;p926;p1;p758;p212;p936;p574;p729;p589;p977;p353;p91;p570;p891,
ballot,,,p417;p802;p53;p581;p882;p223;p863;p309;p807;p747;p56;p213;p36;p461;p152;p242;p912;p810,
ballot,,,p958;p956;p796;p356;p977;p754;p458;p730;p698;p533;p21;p484;p43;p840;p624;p644;p329,
ballot,,,p807;p705;p727;p408;p233;p721;p482;p467;p551;p307;p481;p252;p797,
ballot,,,p942;p396;p588;p773;p492;p831;p444;p664;p731;p704;p707;p805;p877;p176;p120;p693;p392,
ballot,,,p485;p544;p841;p189;p284;p425;p170;p653;p69;p752,
ballot,,,p828;p895;p655;p319;p819;p24;p598;p697;p930,
ballot,,,p859;p284;p15;p147;p410;p976;p313;p990;p715;p229;p760;p159;p227;p649;p86,
ballot,,,p500;p654;p201;p502;p57;p796;p631;p562;p729;p457;p565;p39;p884;p127;p726;p235;p548;p135,
ballot,,,p693;p570;p623;p88;p334;p357;p165;p885;p215;p102,
ballot,,,p237;p325;p161;p235;p477;p903;p82;p927;p515,
ballot,,,p236;p49;p97;p216;p106;p303;p333;p230;p22;p818;p169;p829;p260;p700;p211,
ballot,,,p923;p802;p232;p742;p18;p150;p43;p755;p842;p110;p658;p388;p757;p82;p449;p21;p415;p693,
ballot,,,p659;p392;p425;p697;p111;p550;p845;p98;p76;p509;p382;p820;p302;p866,
ballot,,,p568;p922;p989;p669;p36;p38;p844;p374;p582,
ballot,,,p771;p58;p962;p978;p998;p520;p133;p712;p19,
ballot,,,p523;p712;p320;p190;p107;p991;p420;p603;p291;p816;p982;p50;p328;p864,
ballot,,,p495;p366;p6;p294;p253;p174;p967;p107;p531,
ballot,,,p842;p332;p8;p887;p799;p261;p750;p277;p900;p695;p556;p435;p872;p486;p271;p805;p26;p792;p888;p773,
ballot,,,p746;p628;p454;p951;p886;p386;p929;p333;p180;p850,
ballot,,,p52;p996;p676;p888;p909;p40;p292;p687;p934,
ballot,,,p606;p17;p566;p411;p379;p290;p146;p149;p960;p170;p835;p454;p45;p61;p43;p758,
ballot,,,p128;p81;p294;p841;p243;p370,
ballot,,,p318;p209;p839;p486;p811;p468;p782;p511;p615;p705;p370;p428;p904;p553,
ballot,,,p850;p149;p299;p948;p493;p451;p735;p905;p990;p345;p885;p255;p998;p166;p301;p489;p501;p646;p226;p796,
ballot,,,p608;p633;p57;p26;p314;p835;p269;p728;p686;p925;p12,
ballot,,,p758;p395;p724;p756;p163;p963;p678;p490;p862;p932,
ballot,,,p323;p342;p150;p611;p819;p207;p235;p49;p906;p601,
ballot,,,p118;p579;p16;p877;p357;p544;p862;p36;p522;p80;p59;p12;p140;p951,
ballot,,,p915;p671;p122;p203;p107;p416;p566;p326;p540;p48;p529;p913;p197;p538;p459;p383;p449;p377,
ballot,,,p163;p159;p186;p53;p700;p736;p542;p539;p898;p317;p365;p530;p12;p316,
ballot,,,p412;p587;p394;p870;p923;p129;p731;p13;p229;p160;p593;p792,
ballot,,,p509;p626;p969;p885;p354;p377;p321;p176;p342;p288;p170;p39;p567;p369;p804;p851;p245,
ballot,,,p645;p627;p232;p797;p241;p86,
ballot,,,p614;p405;p720;p832;p236;p412;p972;p59;p782;p488,
ballot,,,p514;p688;p931;p181;p23;p327;p289;p139;p661;p386,
ballot,,,p858;p887;p717;p255;p935;p897;p802;p919;p974;p826;p958;p354;p790,
ballot,,,p213;p694;p661;p828;p62;p63;p685;p938;p156;p884,
ballot,,,p409;p243;p723;p321;p307;p882;p813;p682;p319,
ballot,,,p369;p867;p314;p961;p968,
ballot,,,p91;p201;p405;p266;p646;p842;p632;p175;p364;p97;p899,
ballot,,,p430;p466;p426;p944;p213;p142,
ballot,,,p37;p702;p389;p181;p687;p238;p445;p347;p348;p495;p740;p98;p234;p309;p742;p832;p206;p676,
ballot,,,p831;p45;p919;p484;p381;p260;p275;p992;p953;p119;p142;p531;p397;p187;p207;p103;p628;p122;p56;p156,
ballot,,,p593;p937;p145;p828;p338;p635;p934;p944,
ballot,,,p172;p79;p549;p394;p744;p113;p182;p762;p529;p994;p825;p61;p99;p690;p212;p480,
ballot,,,p447;p592;p271;p900;p562;p542;p476;p67;p615;p532;p356;p557,
ballot,,,p427;p315;p736;p395;p207;p356;p144;p542;p215;p751;p539;p117;p488;p755;p679;p460;p606;p406,
ballot,,,p848;p126;p421;p536;p598;p396;p673;p964;p164;p5;p789;p579;p332;p851;p838;p616;p68,
ballot,,,p118;p203;p47;p321;p225;p527;p913;p696;p154;p809;p137;p634;p923;p26;p754;p838,
ballot,,,p295;p507;p842;p266;p936;p631;p753;p509;p758;p748;p461;p431;p487;p303;p495;p199;p425;p657;p468,
ballot,,,p777;p458;p668;p142;p63;p538;p104;p830;p521;p945;p471;p66;p262;p464,
ballot,,,p171;p117;p449;p494;p705;p359;p452,
ballot,,,p943;p233;p397;p366;p912;p777;p290;p269;p693;p65;p664,
ballot,,,p735;p865;p451;p393;p383;p310;p50;p662,
ballot,,,p947;p389;p606;p959;p304;p870;p308;p191;p452;p29;p857;p478;p330;p135;p608,
ballot,,,p868;p2;p96;p521;p904;p105;p399,
ballot,,,p556;p49;p9;p113;p531;p379;p227;p382;p996;p151;p24;p595;p163;p296;p738;p13;p254;p926,
ballot,,,p410;p689;p665;p721;p217;p866;p293;p399;p376;p488;p172;p122;p579;p39;p477,
ballot,,,p724;p963;p62;p924;p484;p173;p295;p607;p380;p959;p255;p593;p187;p770;p883;p318,
ballot,,,p800;p175;p153;p244;p444;p662;p916;p633;p29;p479;p591;p196;p725;p999,
ballot,,,p157;p616;p487;p999;p222;p283,
ballot,,,p781;p867;p711;p643;p538;p164;p385,
ballot,,,p278;p152;p379;p443;p767;p260;p530;p415;p532;p145;p162;p526;p954;p1,
ballot,,,p278;p972;p884;p733;p483;p72;p321;p99;p431;p17;p356;p912;p44;p121;p335;p130;p436;p389;p14;p416,
ballot,,,p790;p32;p40;p285;p100;p598;p594;p584;p411;p158;p78;p840,
ballot,,,p450;p852;p634;p239;p429;p724;p512;p401;p635;p561;p759;p503;p375;p279;p597;p133,
ballot,,,p894;p15;p31;p291;p587;p22;p85;p88,
ballot,,,p693;p280;p557;p100;p846,
ballot,,,p981;p380;p443;p387;p342;p78,
ballot,,,p767;p201;p920;p626;p107;p6;p100;p666;p36,
ballot,,,p113;p809;p605;p22;p873;p716;p981;p57;p300;p850,
ballot,,,p395;p524;p858;p497;p196;p751;p109;p392;p881;p775;p579;p83;p749;p934;p406,
ballot,,,p294;p164;p434;p985;p109;p22;p858;p454;p441;p97;p602;p333;p611,
ballot,,,p642;p345;p36;p899;p803;p428;p907;p869;p194;p754;p933;p985;p881;p865;p760;p34;p640,
ballot,,,p958;p297;p470;p747;p231;p60;p998;p94;p174;p591,
ballot,,,p135;p153;p754;p275;p410;p639;p449;p838;p499;p582;p69;p968;p861;p322,
ballot,,,p75;p466;p301;p804;p811;p152;p124;p532;p423;p787;p754;p958;p971;p449;p513;p201;p190;p789,
ballot,,,p298;p929;p671;p824;p322;p379;p968,
ballot,,,p712;p520;p652;p8;p719;p132;p882;p327;p369;p577;p915;p873,
ballot,,,p165;p975;p409;p210;p125;p651,
ballot,,,p176;p620;p528;p45;p191;p882;p73;p910;p435;p672;p704;p471;p5,
ballot,,,p241;p889;p531;p601;p591;p781;p207;p695;p21;p831;p251;p717;p724,
ballot,,,p81;p265;p293;p688;p781;p292,
ballot,,,p745;p40;p642;p861;p929;p270;p423;p833;p668;p646;p884;p72;p536;p382;p143,
ballot,,,p541;p42;p654;p526;p411;p274;p977;p279;p467;p409,
ballot,,,p244;p582;p689;p408;p23;p62;p24;p216;p80;p790;p644;p115;p779;p896;p85;p761;p707;p677,
ballot,,,p904;p571;p998;p14;p550;p396;p363;p237;p214;p361;p718;p974;p28;p843;p678,
ballot,,,p97;p358;p89;p219;p671;p590;p803;p468;p154,
ballot,,,p226;p593;p567;p673;p574;p78;p373;p890;p818;p164;p690;p672;p41;p594;p698;p524,
ballot,,,p866;p711;p158;p979;p641;p382;p684;p221;p108;p787;p339;p157;p689;p699,
ballot,,,p290;p966;p610;p598;p827,
ballot,,,p306;p932;p15;p158;p781;p323;p203;p665;p213;p95;p739,
ballot,,,p964;p872;p966;p152;p803;p895;p220;p288;p398;p179;p223;p397;p957;p979;p474;p138;p416,
ballot,,,p491;p935;p352;p938;p16;p656;p180;p234;p949;p153,
ballot,,,p797;p754;p999;p698;p689;p859;p440;p171;p134;p92;p883,
ballot,,,p771;p330;p380;p36;p537;p257;p575;p818;p894,
ballot,,,p128;p4;p251;p220;p536;p458;p74;p676;p781;p400;p17;p796;p971,
ballot,,,p76;p310;p651;p792;p864;p282;p984;p486;p729;p213;p600;p383;p103;p255,
ballot,,,p683;p608;p379;p902;p287;p880;p583;p31;p262,
ballot,,,p100;p25;p786;p888;p897;p607;p323,
ballot,,,p58;p194;p183;p622;p695;p283;p813;p12;p871;p133;p82;p718;p41;p381;p323;p676;p64,
ballot,,,p60;p45;p272;p242;p850;p508,
ballot,,,p745;p659;p144;p104;p273,
ballot,,,p345;p63;p35;p700;p931;p745;p464;p727,
ballot,,,p362;p460;p192;p284;p282;p488;p953;p37,
ballot,,,p269;p162;p658;p470;p420;p786;p968;p939;p111;p620;p194;p497;p866;p552;p884;p584;p763;p694;p888;p109,
ballot,,,p880;p714;p591;p795;p398;p813;p124;p887;p293;p656;p994;p408;p821;p499;p144;p295,
ballot,,,p686;p458;p276;p397;p671;p983;p922;p606;p610;p906;p818;p166;p657;p875;p461;p264;p35,
ballot,,,p986;p493;p781;p565;p390;p602;p573;p822;p308;p18;p254;p303;p233;p824;p80;p510;p692,
ballot,,,p197;p408;p490;p521;p851;p829;p417;p848;p836;p444;p903;p586;p463;p138;p80;p172;p163,
ballot,,,p709;p103;p365;p969;p566;p960;p336,
ballot,,,p984;p286;p313;p845;p776;p321;p662;p403;p898;p815;p672;p585;p599;p37;p576;p472,
ballot,,,p868;p119;p275;p652;p247;p636,
ballot,,,p641;p133;p219;p663;p372;p545;p198;p352;p484;p899,
ballot,,,p651;p559;p284;p985;p205;p701;p870,
ballot,,,p256;p8;p82;p904;p578;p356;p591;p434;p465;p426;p92;p936;p361;p427;p205;p249,
ballot,,,p73;p167;p582;p222;p8;p69;p92;p948,
ballot,,,p105;p582;p439;p963;p94;p21;p416;p396;p102;p348;p665;p639;p275;p659;p48,
ballot,,,p733;p979;p288;p849;p592;p644;p470;p125;p855;p580;p878;p529;p262;p778;p678;p164;p584,
ballot,,,p708;p247;p869;p403;p910,
ballot,,,p459;p216;p794;p709;p781;p357;p503;p201;p260,
ballot,,,p783;p703;p602;p818;p480,
ballot,,,p450;p572;p619;p176;p958;p934;p78;p590,
ballot,,,p365;p503;p442;p104;p860,
ballot,,,p279;p615;p228;p362;p804;p393,
ballot,,,p271;p543;p301;p581;p204;p906,
ballot,,,p657;p214;p184;p896;p572;p607;p876;p488;p648;p690;p53;p247;p824,
ballot,,,p184;p198;p161;p419;p765;p55;p861,
ballot,,,p52;p726;p615;p736;p14;p583;p1000;p351;p632;p488;p427;p320,
ballot,,,p253;p821;p318;p424;p427;p869;p764,
ballot,,,p813;p74;p707;p960;p689;p830;p713;p209;p47;p121;p44;p855;p448;p15;p539;p631;p597;p55;p687;p526,
ballot,,,p59;p300;p873;p195;p693;p150;p313;p723;p467;p880;p125;p732;p145;p42;p404;p900;p199;p907,
ballot,,,p505;p647;p995;p576;p997;p117;p414;p507;p539;p761;p663;p146;p639;p916;p808;p306,
ballot,,,p66;p756;p867;p526;p647;p301;p213;p95;p311;p935;p694;p418,
ballot,,,p590;p525;p428;p36;p393;p27;p460;p370;p513;p640;p485,
ballot,,,p312;p381;p465;p672;p641,
ballot,,,p138;p139;p826;p422;p760;p364;p9;p230;p813;p843;p955;p927;p229;p258;p694;p27;p863,
ballot,,,p776;p285;p133;p238;p601;p8;p87;p284;p758;p345;p208;p164;p740;p507;p97;p259;p185;p900;p657;p229,
ballot,,,p31;p252;p782;p242;p321;p53;p29;p87;p68;p25;p360;p150;p349;p739;p320;p869;p825;p613,
ballot,,,p503;p510;p83;p590;p901;p137;p641;p661;p720,
ballot,,,p222;p766;p329;p950;p839;p529;p994;p330;p282;p553;p25;p230;p208,
ballot,,,p688;p825;p682;p959;p267;p549,
ballot,,,p43;p198;p2;p137;p676;p96;p980;p890;p736;p589;p310;p616;p312;p370;p159,
ballot,,,p340;p12;p883;p156;p826,
ballot,,,p823;p563;p74;p256;p526,
ballot,,,p656;p559;p242;p996;p507,
ballot,,,p624;p969;p933;p335;p690;p825;p126;p150;p72;p886;p538;p818;p965;p793,
ballot,,,p136;p644;p443;p165;p735;p351,
ballot,,,p329;p782;p808;p517;p915;p725;p375;p158;p122;p412,
ballot,,,p379;p246;p865;p463;p143;p670;p998;p839;p386;p717;p600;p249,
ballot,,,p318;p178;p837;p581;p636;p252;p245;p451;p805;p188;p979;p582;p740;p108;p757;p242;p123;p551,
ballot,,,p190;p72;p66;p483;p562;p312;p667;p11,
ballot,,,p125;p337;p380;p793;p515,
ballot,,,p10;p769;p825;p965;p181;p69;p588;p915;p770;p76;p503;p499;p976;p129;p869;p84;p176,
ballot,,,p853;p780;p110;p399;p309;p126;p894;p857;p516;p600;p556;p168;p261;p27;p554;p315;p807;p506;p348,
ballot,,,p928;p884;p740;p136;p991;p710;p632;p762;p96;p830;p723;p408;p288;p655;p263,
ballot,,,p146;p381;p995;p544;p823;p778;p261;p765;p502;p927;p798;p898,
ballot,,,p227;p115;p254;p100;p712;p909,
ballot,,,p747;p703;p758;p502;p203;p822;p184;p128;p779;p630;p658;p919;p886,
ballot,,,p865;p273;p425;p986;p741;p326;p849;p402;p67;p835;p716;p872;p3;p160;p534;p65;p269;p236,
ballot,,,p935;p837;p727;p47;p720;p533;p599;p586;p166;p278;p672;p548;p737;p962;p902;p999;p502,
ballot,,,p366;p645;p874;p57;p67;p651;p532;p502;p18;p499;p637;p396;p332;p95;p90;p307;p178;p586,
ballot,,,p888;p573;p822;p556;p427;p42;p940;p195;p305;p7;p702;p660;p772,
ballot,,,p50;p658;p837;p771;p758;p920,
ballot,,,p497;p492;p276;p792;p282;p595;p31;p639;p313;p828;p916;p601;p486;p659;p14;p913,
ballot,,,p263;p934;p690;p862;p259;p812;p694;p855;p427;p300;p640;p886;p82;p816;p119;p400,
ballot,,,p967;p982;p930;p365;p509;p113;p353;p548;p348;p962;p800;p163;p133;p395;p971;p624;p916;p834;p995;p952,
ballot,,,p874;p639;p812;p703;p325;p922;p525;p90;p712;p873;p151;p501;p31;p441;p888;p951;p559;p65;p176;p462,
ballot,,,p600;p397;p874;p527;p676;p295;p301;p983;p481;p61;p868;p659;p500;p594;p548;p667;p64,
ballot,,,p355;p895;p920;p304;p874;p666;p553;p758;p159;p942;p621;p213;p288;p361;p507;p9;p121,
ballot,,,p400;p984;p357;p981;p95;p234;p517;p768;p764;p203;p482,
ballot,,,p963;p106;p123;p486;p417;p159;p816;p780;p516;p239;p85;p311;p277;p205;p529;p93;p327;p615;p485,
ballot,,,p564;p721;p298;p153;p963;p922;p808;p565;p166;p32;p490;p278;p9;p846;p119,
ballot,,,p474;p699;p375;p470;p954;p736;p540;p328;p842,
ballot,,,p312;p46;p913;p136;p13;p950;p995;p187;p728;p953;p633;p371;p714;p273;p800;p169;p725;p379,
ballot,,,p513;p734;p941;p737;p72,
ballot,,,p441;p75;p696;p901;p794;p92;p542;p259;p582;p61;p537;p757;p114;p241;p74;p712;p213;p880;p162;p240,
ballot,,,p989;p730;p549;p912;p941;p973;p966;p29;p755;p274;p478;p353;p429;p953,
ballot,,,p611;p134;p262;p738;p201;p378;p241;p36;p964;p779;p931;p666;p676;p329;p186;p828;p949;p397;p123,
ballot,,,p277;p900;p465;p470;p474;p343;p964;p216;p102;p953;p142;p751;p673;p93;p971,
ballot,,,p705;p683;p832;p569;p287;p758,
ballot,,,p149;p470;p257;p143;p781;p380;p908;p582;p152;p619;p948;p773;p456;p241;p871;p867;p917,
ballot,,,p28;p38;p114;p854;p457;p181;p819;p166;p744;p198;p838;p382;p52;p358,
ballot,,,p45;p700;p617;p629;p234;p863;p389;p349;p748;p568;p921;p492;p55;p354;p379;p408;p62,
ballot,,,p178;p482;p745;p391;p221;p667;p896;p907;p368;p773;p597;p557;p347;p919;p915;p938;p528;p555;p189;p54,
ballot,,,p135;p573;p870;p66;p902;p879;p734;p441;p49;p228;p937;p327;p209;p406;p175;p616;p469;p963;p454;p688,
ballot,,,p547;p456;p403;p619;p997;p659;p982;p213;p54;p722;p952;p288;p783,
ballot,,,p243;p913;p64;p369;p286;p988;p494,
ballot,,,p615;p878;p7;p61;p215;p208;p278;p608,
ballot,,,p38;p60;p152;p198;p850;p441;p245;p740;p274,
ballot,,,p511;p538;p253;p466;p631;p663;p446;p359;p748;p503;p729;p537,
ballot,,,p658;p523;p76;p787;p246,
ballot,,,p454;p544;p790;p601;p432;p992;p75;p991;p533;p613;p954;p528;p656,
ballot,,,p949;p600;p519;p229;p731;p851;p572;p673;p199;p155,
ballot,,,p852;p551;p635;p252;p702;p284;p260;p632;p352;p334;p878;p391;p240;p723;p802,
ballot,,,p206;p724;p183;p271;p871;p492;p43;p80;p943;p714;p896;p827;p496;p936;p31;p332;p933;p294;p961;p979,
ballot,,,p333;p611;p648;p695;p659;p260;p517;p563;p847;p855;p994;p206;p604,
ballot,,,p974;p402;p431;p763;p908;p325;p826;p514;p221;p930,
ballot,,,p482;p399;p645;p360;p139;p239,
ballot,,,p613;p986;p580;p568;p141;p905;p255;p153;p470;p935;p475;p652;p363,
ballot,,,p417;p340;p288;p766;p17;p662;p682;p12;p691,
ballot,,,p918;p881;p178;p875;p512;p968;p443;p646;p715;p839;p588;p25;p621;p409;p921;p468,
ballot,,,p888;p9;p741;p791;p840;p787;p76;p181;p905;p634;p906;p14;p490;p869;p702;p203;p224,
ballot,,,p259;p580;p295;p984;p774;p605,
ballot,,,p520;p53;p105;p149;p209;p474;p46;p32,
ballot,,,p226;p142;p936;p526;p423;p188;p965;p779;p924;p514;p551;p355;p116;p489;p20;p604;p73;p159;p887;p602,
ballot,,,p472;p983;p931;p600;p708;p449;p518;p815;p892;p1000;p733;p928;p782,
ballot,,,p431;p686;p826;p22;p78;p195;p72;p475;p667;p509;p972;p985;p529;p995;p600;p633,
ballot,,,p175;p40;p16;p39;p45;p394;p395;p272,
ballot,,,p460;p49;p681;p448;p53;p878;p767;p653,
ballot,,,p296;p232;p981;p413;p357;p472;p230,
ballot,,,p541;p963;p60;p314;p417;p312;p499;p551;p119;p645;p602;p382,
ballot,,,p195;p433;p118;p10;p649;p453;p943;p397;p693;p40;p60;p259;p773;p788;p329;p402;p745;p152;p205,
ballot,,,p568;p847;p957;p735;p313;p907;p113;p696;p946;p600;p461;p324,
ballot,,,p96;p685;p101;p473;p631,
ballot,,,p804;p438;p128;p392;p294;p168;p814;p872;p380;p296;p992;p497;p744;p775,
ballot,,,p400;p976;p146;p174;p66;p594;p985;p700;p460;p883;p152;p631;p199;p891;p520;p526;p59;p347;p371;p41,
ballot,,,p315;p93;p132;p639;p519;p819,
ballot,,,p799;p156;p983;p150;p111;p225;p391;p687;p719,
ballot,,,p505;p132;p526;p479;p97,
ballot,,,p433;p259;p576;p440;p357;p20;p412,
ballot,,,p589;p829;p83;p648;p475;p16;p116;p897;p654;p489;p187;p641;p879;p530;p7,
ballot,,,p187;p885;p767;p725;p64;p618;p391;p569;p651;p853;p805;p77;p288;p456;p722;p832;p920;p489;p467;p851,
ballot,,,p633;p893;p66;p710;p880;p212;p426;p913;p445;p14;p722;p326;p518;p582;p55;p891,
ballot,,,p809;p96;p359;p286;p119;p429;p20;p4;p342;p46;p579;p160;p697;p322;p12;p56;p224;p155;p454,
ballot,,,p334;p671;p864;p546;p94;p780;p364;p224,
ballot,,,p437;p779;p857;p366;p61;p104;p506;p650;p86;p339;p868;p300;p666;p253;p103;p516;p745;p789;p258;p590,
ballot,,,p814;p164;p256;p253;p175;p509;p805;p716;p134;p987;p98;p379;p476,
ballot,,,p552;p929;p527;p709;p875;p578;p995;p307;p536;p749;p840;p41;p355;p244;p367;p531,
ballot,,,p525;p740;p733;p944;p839;p573;p75,
ballot,,,p394;p674;p838;p682;p524;p735;p928;p695;p915;p649;p931;p441;p145;p452;p669;p662,
ballot,,,p111;p47;p644;p471;p868;p143;p753;p78;p114;p975;p835;p940;p814;p76;p497;p97,
ballot,,,p211;p820;p260;p249;p321;p424;p78;p356,
ballot,,,p880;p131;p961;p86;p523;p21;p778,
ballot,,,p90;p639;p728;p244;p179;p129;p277;p976;p600;p680;p566;p498;p591;p278;p456;p612;p514;p890;p214;p50,
ballot,,,p692;p597;p344;p204;p592;p567;p173;p829;p993;p877;p639,
ballot,,,p891;p903;p904;p128;p612;p466;p665;p936;p508;p989;p205;p429;p795;p978;p57;p477;p507;p990,
ballot,,,p918;p567;p74;p932;p449;p522;p527,
ballot,,,p830;p348;p527;p900;p112;p631;p218;p59;p999;p850;p269,
ballot,,,p773;p407;p396;p580;p943;p885;p783;p751;p51;p767;p372;p18,
ballot,,,p788;p333;p20;p638;p213;p332;p509;p168;p425;p318,
ballot,,,p722;p865;p13;p528;p804;p754;p924;p501;p511;p78;p719;p624;p244;p532;p579;p732;p645;p394,
ballot,,,p561;p333;p407;p726;p643;p480;p839;p675;p695;p701;p789;p230;p861,
ballot,,,p116;p37;p576;p302;p208;p768;p403;p596;p617;p225;p957;p909;p702;p717,
ballot,,,p215;p799;p235;p504;p482;p264;p903;p434;p668;p494;p848,
ballot,,,p153;p286;p603;p832;p746;p421;p585;p675;p337;p387;p772;p844;p16;p390;p167;p406;p977,
ballot,,,p519;p228;p888;p632;p740;p62;p324;p873;p123;p54;p86;p670;p312;p78,
ballot,,,p719;p322;p896;p636;p504;p461;p178;p455,
ballot,,,p989;p691;p868;p50;p892;p316;p271;p793;p980;p579;p154,
ballot,,,p381;p507;p328;p57;p963,
ballot,,,p237;p507;p663;p7;p458;p113;p303;p444;p223;p862;p114;p353;p19;p266;p652;p674;p849;p943;p967,
ballot,,,p534;p523;p68;p58;p362;p359;p755;p106;p952;p100;p753;p271;p994;p220;p408,
ballot,,,p572;p492;p176;p169;p95;p668;p460;p260;p92;p154;p831;p710;p269;p718,
ballot,,,p778;p631;p221;p606;p478,
ballot,,,p24;p149;p687;p79;p400,
ballot,,,p738;p520;p560;p654;p851;p780;p712;p449;p975;p563;p106;p660;p95;p383;p505,
ballot,,,p318;p3;p226;p651;p322;p621;p517;p932;p755;p572;p987;p632;p354;p327;p262;p730;p63;p428,
ballot,,,p777;p668;p705;p864;p862;p750;p368;p854;p235;p449;p758;p837;p414;p953;p168;p576;p781;p95,
ballot,,,p827;p473;p448;p802;p895;p335;p904;p532;p909,
ballot,,,p694;p99;p574;p336;p505;p83;p630,
ballot,,,p283;p29;p504;p191;p733;p166;p478;p304;p837;p218;p146;p782;p404;p294;p90,
ballot,,,p724;p881;p811;p671;p864;p10;p902;p439;p918;p336;p960;p428;p200;p246,
ballot,,,p643;p347;p579;p45;p536;p850;p326;p633;p250;p870,
ballot,,,p182;p834;p322;p419;p508;p797;p620,
ballot,,,p699;p788;p986;p558;p795;p366;p718;p320;p836;p924,
ballot,,,p347;p827;p879;p695;p635;p867;p29;p543;p66;p665;p247;p43;p35;p20;p284;p367;p686;p355,
ballot,,,p962;p474;p761;p961;p357;p549;p610;p678;p403;p999;p335;p995;p188;p777;p202;p413;p454,
ballot,,,p379;p400;p295;p615;p693;p413;p876;p820;p662;p60;p448,
ballot,,,p757;p16;p56;p204;p344;p10;p595;p314;p11;p863;p435;p453;p218;p544;p244;p437;p340;p657;p791,
ballot,,,p428;p962;p764;p612;p808;p575;p594;p200;p31;p97;p400;p290;p798;p736;p289;p258,
ballot,,,p545;p45;p388;p812;p445;p502,
ballot,,,p706;p948;p656;p914;p89;p849;p710;p585;p17;p462;p189;p671;p160;p937;p279,
ballot,,,p530;p594;p472;p504;p355;p856;p420;p685;p49;p858;p311;p199;p776;p238;p555;p500,
ballot,,,p694;p224;p593;p57;p55;p309,
ballot,,,p907;p739;p247;p744;p361;p671,
ballot,,,p379;p552;p900;p640;p355,
ballot,,,p837;p158;p463;p82;p23;p76;p222;p822;p921;p765;p138;p931,
ballot,,,p322;p36;p872;p860;p729;p780;p567;p524;p45;p421;p997;p936;p666;p842,
ballot,,,p509;p683;p310;p486;p40,
ballot,,,p46;p724;p730;p926;p26;p942;p325;p91;p209;p830;p245;p869;p551;p912;p799,
ballot,,,p129;p609;p718;p403;p756;p381;p161;p674;p763;p252;p169;p726;p143;p813;p768;p200;p366;p496;p373;p464,
ballot,,,p126;p795;p297;p420;p760;p373;p541;p33;p127;p227;p904;p494;p231;p90;p829;p361;p568;p422;p893,
ballot,,,p10;p701;p628;p775;p718;p42;p661;p952;p998;p901;p383;p969;p390;p578;p660;p438;p166;p522,
ballot,,,p208;p312;p205;p66;p715;p254;p8;p399;p514;p160;p887;p968;p326;p106;p195;p156;p409;p530;p558;p363,
ballot,,,p129;p437;p869;p528;p952;p931;p531;p419;p289;p467;p307,
ballot,,,p955;p227;p576;p856;p193;p375;p906;p289;p758;p710;p935;p722;p948;p41;p601;p75;p707;p153,
ballot,,,p954;p497;p57;p774;p617;p308;p956;p652,
ballot,,,p237;p725;p800;p71;p790;p783;p696;p375;p58,
ballot,,,p456;p230;p370;p834;p290;p354;p810;p194;p253;p65;p138;p624;p46;p125;p786,
ballot,,,p985;p762;p437;p149;p979;p825;p438;p966;p795;p13;p436;p612;p232,
ballot,,,p632;p369;p937;p225;p338;p966;p764;p281;p731;p755;p583;p378;p918;p440;p806;p819;p886,
ballot,,,p621;p547;p725;p399;p375;p428;p551;p493;p802;p568;p796;p651;p59;p45;p6;p804;p544;p805,
ballot,,,p248;p199;p648;p748;p435;p760;p357;p987;p860;p478;p424;p21;p635;p803;p224;p606,
ballot,,,p667;p281;p637;p381;p392;p471;p880;p788;p291;p517;p227;p903;p680;p552;p1;p992;p946;p772;p829,
ballot,,,p858;p330;p354;p949;p666;p230;p678;p654;p266;p286;p878;p693;p771;p319;p7;p563,
ballot,,,p154;p919;p256;p890;p984;p367;p11;p149;p390;p857;p356;p598;p972;p867,
ballot,,,p634;p909;p967;p883;p905;p989;p9;p202;p542;p47;p10;p837;p400;p587;p103;p871;p435;p964,
ballot,,,p199;p461;p353;p10;p386;p507;p568;p686;p170;p916;p189;p625,
ballot,,,p427;p430;p863;p977;p428;p475;p69;p815;p110;p319;p588;p687;p756,
ballot,,,p943;p704;p791;p868;p701;p767;p639;p761;p883;p860;p201;p649;p82;p110;p581;p394;p442;p297,
ballot,,,p468;p119;p759;p410;p901;p462;p599;p178;p966;p129;p250;p343;p490;p906,
ballot,,,p826;p698;p357;p844;p258;p849;p439;p816;p212;p491;p59;p304;p839;p611,
ballot,,,p886;p6;p506;p565;p991,
ballot,,,p847;p383;p174;p542;p338;p336,
ballot,,,p25;p987;p434;p218;p344;p399;p372;p505,
ballot,,,p548;p894;p793;p901;p971;p687;p610;p857;p351;p447;p884;p44;p138;p803;p746;p936;p445,
ballot,,,p356;p616;p375;p227;p669;p888,
ballot,,,p993;p883;p396;p188;p668;p563;p848,
ballot,,,p765;p575;p261;p949;p452;p3;p356;p948;p414;p286;p837;p69;p122;p545;p1;p361,
ballot,,,p803;p974;p882;p267;p874;p868;p494;p640;p943;p935;p514;p815;p545,
ballot,,,p118;p218;p141;p561;p514;p143;p650;p409;p802;p421;p136;p243;p350;p859;p223;p320,
ballot,,,p48;p995;p391;p690;p533;p851;p470;p730;p903;p218;p76;p149;p517;p353;p406;p656;p257;p352;p812,
ballot,,,p779;p610;p756;p996;p543;p87;p772;p631;p940;p913;p420;p522;p759;p445;p999,
ballot,,,p847;p581;p684;p491;p552;p153;p326;p85;p360;p775;p98;p328;p29;p951;p292;p380;p521;p950;p87,
ballot,,,p491;p876;p392;p88;p103;p853;p864;p880;p588;p983,
ballot,,,p110;p778;p903;p686;p438;p572;p631;p845;p220;p573,
ballot,,,p551;p403;p830;p335;p477;p524;p479,
ballot,,,p520;p272;p188;p681;p134;p597;p966;p761;p702;p187;p919;p297;p830;p383;p518;p114;p912;p655;p24,
ballot,,,p767;p365;p139;p501;p506;p753;p617;p845;p684;p209;p867;p571;p445,
ballot,,,p481;p438;p451;p94;p294;p236;p470;p698;p581,
ballot,,,p723;p477;p884;p635;p201;p22;p779;p293;p563,
ballot,,,p749;p543;p383;p892;p557;p29;p724;p556;p685;p407;p475;p531;p35;p49;p149;p704;p22;p675;p970;p472,
ballot,,,p894;p520;p628;p538;p947;p965;p657;p409;p113;p309;p9;p291;p384;p312;p273;p103;p382;p141;p928,
ballot,,,p20;p819;p811;p440;p370;p37;p387;p888;p126;p282;p557,
ballot,,,p95;p956;p564;p62;p625;p984;p92;p738;p830;p15;p412;p626;p74;p609;p682;p457;p45;p153;p875;p363,
ballot,,,p454;p199;p683;p421;p416;p427;p701;p113;p184;p516;p534;p373;p938;p517;p146;p291;p725,
ballot,,,p830;p923;p347;p477;p952;p432;p544;p78;p551;p510;p963;p181;p153;p560;p582;p250;p227;p538;p851;p342,
ballot,,,p454;p567;p621;p457;p723;p843;p64;p312;p497;p25,
ballot,,,p480;p207;p628;p766;p614;p660,
ballot,,,p184;p125;p646;p442;p351;p832;p717;p229;p1000;p480;p77,
ballot,,,p93;p625;p295;p408;p727;p490;p43;p782;p922;p187;p194;p618;p158;p34;p560;p583;p683;p543;p316,
ballot,,,p718;p172;p248;p726;p804;p200;p22;p79;p846;p839;p819,
ballot,,,p202;p128;p564;p278;p946;p506;p899;p993;p770;p50;p513;p69;p562;p250;p139;p379;p579;p561;p87,
ballot,,,p683;p647;p201;p806;p974;p968,
ballot,,,p204;p498;p898;p21;p977;p862;p152,
ballot,,,p986;p372;p726;p44;p14;p653;p405;p74;p349;p241;p66;p720;p292;p469;p434,
ballot,,,p343;p687;p264;p420;p520;p76;p11;p716;p298;p973;p779,
ballot,,,p495;p778;p36;p31;p409;p821;p961,
ballot,,,p582;p794;p670;p147;p770;p600;p330;p17;p71;p67;p197;p970;p52;p855;p621;p689;p733;p967;p170;p792,
ballot,,,p265;p929;p261;p618;p726;p681;p212;p491;p571;p642;p317,
ballot,,,p223;p170;p101;p641;p530;p59;p553;p9;p666;p271;p270;p532;p945;p968,
ballot,,,p537;p276;p791;p413;p105;p581;p960;p150;p762;p41;p866;p367;p556;p395;p377,
ballot,,,p85;p282;p193;p523;p271;p518;p338;p275,
ballot,,,p135;p447;p988;p713;p908;p484;p146;p221;p715;p199;p18;p193;p305;p624;p827;p690;p724,
ballot,,,p540;p94;p159;p17;p516;p529;p810;p345;p644;p182;p906;p326;p406;p850;p478;p259,
ballot,,,p639;p563;p886;p494;p279;p948;p389;p120;p479;p965;p974;p401;p345;p981,
ballot,,,p803;p876;p640;p981;p17;p804;p916;p739;p549;p878,
ballot,,,p776;p713;p57;p539;p214;p716;p501;p4;p587;p182;p65;p388;p879;p414;p321;p791;p401;p147,
ballot,,,p233;p998;p72;p892;p850;p467;p873;p295;p816;p589;p828;p687;p635;p954;p773;p686;p384,
ballot,,,p985;p299;p67;p1000;p610;p311;p842;p28;p90;p833,
ballot,,,p942;p311;p224;p678;p842;p443;p991;p326;p697;p455;p374;p117;p871,
ballot,,,p354;p534;p406;p45;p828;p640,
ballot,,,p457;p18;p978;p250;p395;p470;p953;p125;p960;p696;p844;p68;p822;p352;p967;p682;p202;p602;p379,
ballot,,,p510;p967;p8;p517;p175;p893;p624;p223,
ballot,,,p844;p275;p671;p54;p765;p227;p945;p200;p559;p980;p63;p163;p301,
ballot,,,p481;p14;p356;p139;p549;p447;p834;p304;p405,
ballot,,,p618;p408;p365;p192;p223;p916;p307;p909;p204;p309;p106;p649;p976;p496;p138;p953;p155;p185;p270;p599,
ballot,,,p707;p536;p511;p350;p261;p978;p548;p149;p846,
ballot,,,p652;p899;p184;p21;p10;p196;p838,
ballot,,,p502;p543;p804;p896;p306;p512,
ballot,,,p814;p47;p749;p100;p701;p472;p24;p40;p312,
ballot,,,p680;p384;p984;p130;p160;p878,
ballot,,,p379;p828;p1000;p319;p513;p432;p27;p496;p563,
ballot,,,p447;p629;p722;p267;p45;p686;p70;p909;p823;p326;p450;p106;p773;p440,
ballot,,,p165;p952;p708;p261;p652;p627;p619;p436;p21;p389;p159;p67;p97;p290,
ballot,,,p163;p881;p354;p145;p446;p297;p965;p166;p9;p327;p375;p923;p635;p518;p544;p658;p261;p70;p292;p788,
ballot,,,p563;p774;p778;p89;p29;p364;p939;p763;p997;p194;p310;p411;p809;p245,
ballot,,,p392;p69;p231;p777;p932;p399;p971;p356,
ballot,,,p639;p360;p5;p954;p971;p514;p552;p449;p616,
ballot,,,p56;p412;p256;p187;p633;p636;p304;p599,
ballot,,,p721;p985;p730;p70;p759;p880;p455;p739;p568;p752;p988;p822;p111;p982;p976;p863;p451;p547;p402,
ballot,,,p516;p853;p117;p345;p95;p830;p999;p916;p487;p637;p585;p861;p234,
ballot,,,p700;p543;p172;p585;p286;p747;p219;p237;p856;p621,
ballot,,,p698;p180;p499;p633;p519;p576;p688;p243;p763;p725;p387,
ballot,,,p225;p377;p140;p830;p536;p264;p984;p893;p471;p722;p358;p780;p24;p572;p809;p446;p497,
ballot,,,p20;p472;p877;p80;p639;p231;p15;p606;p36;p955;p933;p665;p437;p449;p323;p286;p912,
ballot,,,p833;p700;p670;p282;p683;p421;p612;p794;p70;p868,
ballot,,,p678;p17;p305;p282;p322;p291;p558;p874;p832,
ballot,,,p667;p281;p95;p66;p301;p314;p300;p495,
ballot,,,p662;p238;p993;p745;p174;p244;p75;p314;p367;p686;p60;p894;p448;p498;p868,
ballot,,,p838;p406;p183;p867;p608;p132,
ballot,,,p413;p680;p390;p711;p5;p116;p749,
ballot,,,p851;p279;p256;p205;p217;p569;p238;p766,
ballot,,,p514;p345;p256;p513;p762;p231;p66;p454;p180;p799;p200;p363;p873;p55;p741;p423;p740,
ballot,,,p155;p816;p477;p121;p53;p958;p271;p440;p859;p163;p652;p939;p528;p745;p790,
ballot,,,p885;p189;p460;p967;p595;p16;p545;p526;p978;p310;p613;p94;p711;p458;p122;p219;p73;p242;p438;p530,
ballot,,,p973;p870;p530;p601;p947;p445;p161;p275;p374;p478;p958;p364;p697;p1;p63,
ballot,,,p562;p256;p27;p898;p316;p270;p386;p240;p479,
ballot,,,p255;p673;p61;p315;p31;p105;p522;p179;p905;p243;p1;p392;p947;p897;p487;p579;p657,
ballot,,,p958;p340;p957;p883;p993;p920;p672;p485;p289;p599;p351;p307;p354;p248;p809;p79;p903;p111;p60,
ballot,,,p238;p854;p514;p366;p508;p63;p161;p712;p463;p97;p143,
ballot,,,p736;p934;p8;p915;p549;p451;p748;p290;p17;p441;p569;p228;p643;p201,
ballot,,,p358;p451;p506;p901;p67;p522;p260;p786;p321;p492;p806;p699;p232,
ballot,,,p103;p331;p478;p567;p883;p192;p728;p686;p62;p999;p707;p498;p646;p891;p936;p133,
ballot,,,p893;p654;p283;p610;p677;p730,
ballot,,,p426;p145;p685;p818;p717;p206;p699;p950;p296;p484;p28,
ballot,,,p770;p257;p935;p380;p135;p515;p847;p762;p999;p18;p785,
ballot,,,p393;p479;p628;p552;p217;p873;p458;p439,
ballot,,,p440;p3;p176;p57;p852;p713;p660;p784;p691;p407;p338;p203;p761;p760;p930;p973;p122;p106;p435,
ballot,,,p220;p104;p663;p266;p343;p602;p685;p553;p982;p300;p277;p84;p299;p987;p291;p669,
ballot,,,p486;p940;p960;p754;p114;p865;p921;p957,
ballot,,,p295;p43;p138;p914;p543;p348;p333;p151;p700;p504;p290;p231;p203,
ballot,,,p432;p468;p334;p548;p140;p615;p979,
ballot,,,p658;p574;p253;p847;p145;p548;p157;p790;p578;p334;p539;p783;p583;p50;p361,
ballot,,,p789;p726;p281;p303;p277;p997;p690;p520;p200;p798;p987;p295;p236,
ballot,,,p614;p297;p594;p542;p427;p877;p273;p157,
ballot,,,p56;p298;p920;p632;p10;p780;p22;p657,
ballot,,,p277;p448;p216;p403;p538;p559;p463;p539;p809;p832,
ballot,,,p763;p566;p43;p649;p890;p916;p226;p531;p780;p134;p181;p88;p746;p364;p946;p261;p840;p719;p904;p692,
ballot,,,p205;p296;p487;p730;p589;p483;p110,
ballot,,,p598;p660;p918;p963;p184;p619;p44;p947;p944;p916;p420;p797;p131,
ballot,,,p540;p579;p895;p967;p124;p699;p646;p747;p725;p782;p505;p399;p391,
ballot,,,p605;p920;p834;p202;p153;p712;p102;p574;p662;p459;p190;p237;p2;p329;p644;p197;p845;p633;p89;p807,
ballot,,,p468;p889;p936;p828;p689;p986;p458;p892;p422;p86;p477;p169;p700;p990;p456,
ballot,,,p820;p262;p905;p724;p109;p771;p793;p823;p323;p725;p451,
ballot,,,p467;p136;p755;p902;p678;p560;p700;p436;p258;p194;p189;p534,
ballot,,,p901;p39;p145;p29;p837;p551,
ballot,,,p598;p46;p543;p992;p18;p260;p134;p69,
ballot,,,p902;p169;p179;p330;p152;p961;p875,
ballot,,,p633;p654;p254;p290;p469;p1;p462;p212;p897;p158,
ballot,,,p712;p833;p708;p711;p375;p14;p599,
ballot,,,p573;p688;p867;p774;p550,
ballot,,,p296;p638;p376;p720;p574;p898;p650;p916,
ballot,,,p279;p235;p517;p688;p364;p464;p585;p227;p424;p351;p619;p520;p72,
ballot,,,p903;p90;p714;p193;p408;p19;p273;p569;p814;p120;p78;p172;p469;p70,
ballot,,,p540;p981;p918;p461;p498;p406;p935;p807;p163;p691;p77;p1;p893,
ballot,,,p264;p162;p154;p704;p758;p248;p577;p441,
ballot,,,p484;p819;p936;p422;p373;p918;p483;p450;p246;p621;p57;p467;p758;p465;p982;p978;p280;p587,
ballot,,,p629;p920;p516;p949;p79;p108;p924;p421;p125;p50;p51;p734;p703;p298;p887;p202;p443;p179;p634;p759,
ballot,,,p843;p812;p331;p588;p502;p683;p69;p561;p173;p42,
ballot,,,p720;p942;p917;p601;p972;p830,
ballot,,,p940;p187;p770;p174;p879,
ballot,,,p845;p887;p807;p217;p904;p561;p834;p460;p411;p595;p973;p777;p612;p441;p35;p41;p354;p9,
ballot,,,p317;p836;p2;p569;p845;p924;p872;p373;p405;p464;p837;p355;p518;p338;p25;p382;p911,
ballot,,,p640;p283;p156;p137;p793;p823;p422;p424;p687;p457;p532;p503;p463;p284;p863;p404;p981;p138;p389,
ballot,,,p830;p896;p127;p33;p58;p303;p38;p792;p948;p408;p330;p585;p44;p417,
ballot,,,p354;p457;p384;p702;p174;p653;p825;p449,
ballot,,,p254;p951;p605;p963;p647,
ballot,,,p177;p904;p496;p320;p555;p635;p892;p641;p612;p480;p500;p309;p891,
ballot,,,p613;p521;p64;p860;p725;p972;p154;p683;p720;p562;p163;p637;p605;p643;p735,
ballot,,,p88;p134;p529;p166;p1;p802;p744;p985,
ballot,,,p400;p162;p975;p570;p191;p120;p356;p444;p858;p58;p160;p908;p349;p451;p880;p528;p767,
ballot,,,p325;p926;p471;p329;p78;p465;p943;p966;p254;p50;p111;p677;p739,
ballot,,,p487;p166;p869;p736;p586;p485;p396;p17;p270;p528;p450;p470;p897;p307;p702;p464;p807;p212;p352;p311,
ballot,,,p216;p54;p988;p931;p915;p215;p511;p513;p438;p725;p235;p343;p67;p139;p224,
ballot,,,p200;p34;p715;p799;p967;p960;p423,
ballot,,,p644;p955;p875;p633;p540;p684;p558;p350;p617;p826;p557;p98;p256;p75;p348;p880;p64;p160,
ballot,,,p379;p712;p159;p889;p915;p266;p607;p231;p394;p900;p238;p341;p22;p337;p92;p867;p194;p678;p265,
ballot,,,p404;p780;p553;p700;p382,
ballot,,,p569;p81;p13;p796;p335;p970;p544;p997;p245;p837,
ballot,,,p691;p793;p322;p68;p929;p49;p227,
ballot,,,p1;p840;p748;p454;p250;p214;p403;p550;p117;p418;p744;p122,
ballot,,,p340;p373;p117;p423;p365;p113;p143;p665;p633;p573;p323,
ballot,,,p947;p138;p592;p654;p231;p846;p972;p878;p536;p959;p441;p69;p738,
ballot,,,p143;p270;p707;p807;p723;p277;p369;p548;p431;p288;p558;p976;p481;p149;p365;p300;p286;p411;p282,
ballot,,,p7;p190;p32;p99;p670;p520;p659;p704;p394;p628;p841;p831;p813;p660;p718;p484,
ballot,,,p483;p781;p479;p980;p369;p507;p81;p237;p868;p996;p484;p399;p931;p950;p373;p674,
ballot,,,p673;p468;p396;p221;p423;p355;p635,
ballot,,,p376;p911;p924;p415;p77;p893;p812;p366;p345;p987;p303,
ballot,,,p408;p899;p463;p414;p809;p641;p775;p215;p388;p277;p628;p121;p840;p554;p913,
ballot,,,p413;p82;p343;p419;p974,
ballot,,,p446;p435;p869;p413;p737;p579;p324;p653;p194;p759,
ballot,,,p616;p104;p462;p203;p875;p675;p933;p348;p285;p499;p570;p310;p733;p750,
ballot,,,p467;p475;p527;p220;p892;p826;p479;p901;p223;p185;p982;p952;p427;p670;p412,
ballot,,,p350;p167;p985;p53;p538;p978;p392;p540;p195;p753;p242;p526,
ballot,,,p100;p133;p587;p413;p542;p267;p976;p843;p701;p869;p784;p6;p529;p666;p830;p945,
ballot,,,p65;p174;p235;p151;p612;p205;p632;p82,
ballot,,,p290;p926;p347;p126;p700,
ballot,,,p806;p262;p375;p995;p275;p732;p455;p73;p114;p518;p156;p938;p121;p387;p749,
ballot,,,p681;p85;p48;p218;p124;p449;p235;p934;p431;p894;p435;p710;p308;p637;p441;p273;p34;p404,
ballot,,,p510;p639;p511;p244;p801;p102;p480;p977,
ballot,,,p91;p507;p422;p485;p992;p47;p961;p335;p870;p901;p185;p462,
ballot,,,p63;p488;p650;p454;p248,
ballot,,,p616;p872;p619;p362;p986;p18;p951;p360;p194;p411;p787;p826;p230;p442;p589;p15;p461;p556,
ballot,,,p13;p709;p20;p937;p518;p415,
ballot,,,p981;p197;p388;p790;p260;p630;p448;p791;p270;p949,
ballot,,,p121;p144;p263;p101;p410;p361;p561;p669;p285;p19;p82;p786;p262;p649;p766;p341;p933,
ballot,,,p560;p607;p254;p658;p639;p563;p100;p976;p740;p839;p63;p972;p595;p379;p416;p456;p847;p136;p197,
ballot,,,p15;p785;p968;p477;p590;p317;p766;p228;p979;p728;p49;p617;p73;p275;p644;p749;p899;p154;p620;p281,
ballot,,,p37;p544;p133;p121;p398;p323,
ballot,,,p808;p439;p898;p205;p332;p290;p575;p872;p358;p298;p234;p940,
ballot,,,p203;p348;p71;p604;p824;p577,
ballot,,,p675;p658;p169;p316;p824;p616;p452;p13;p701;p130;p376,
ballot,,,p905;p853;p766;p678;p514;p693;p477;p313;p614;p28;p338;p917;p83;p64;p643;p953;p894,
ballot,,,p697;p233;p266;p30;p94;p17;p163;p671;p949;p325;p241;p536;p434;p769;p587;p388;p347;p844,
ballot,,,p908;p233;p239;p864;p295;p888;p158;p431;p858;p607;p824;p346,
ballot,,,p453;p235;p70;p393;p613;p260;p466;p981,
ballot,,,p940;p623;p269;p364;p164;p837;p215;p639;p629,
ballot,,,p565;p648;p369;p918;p343;p188;p575;p570;p633;p682;p546;p885;p824;p632;p529;p580,
ballot,,,p267;p168;p917;p399;p86;p804;p294;p478;p184;p310;p781;p231;p193;p410;p885;p276;p435;p788;p769;p555,
ballot,,,p31;p262;p237;p434;p990;p229;p661;p98;p448;p642;p557;p977;p816;p972;p601;p980;p75;p366;p723,
ballot,,,p580;p271;p543;p897;p992;p489;p579;p50;p578;p955,
ballot,,,p960;p263;p157;p790;p820,
ballot,,,p127;p337;p920;p179;p836,
ballot,,,p687;p791;p443;p897;p307;p639;p827;p128;p359;p837;p283;p673,
ballot,,,p311;p7;p981;p349;p760;p625;p56;p248;p546;p192;p906;p6,
ballot,,,p796;p390;p27;p987;p723;p418;p258;p469;p626;p150;p81;p168,
ballot,,,p316;p754;p196;p803;p99;p528;p910;p39;p962;p170;p28;p601;p427,
ballot,,,p193;p129;p255;p109;p513;p367;p882;p8;p857;p228;p933;p283;p908;p233;p811;p422;p232;p644;p519,
ballot,,,p834;p531;p745;p673;p189;p769;p575;p464;p796;p224;p400;p529;p951;p491;p886;p84,
ballot,,,p31;p20;p217;p830;p369;p816;p788;p15,
ballot,,,p92;p787;p548;p328;p161;p517;p694,
ballot,,,p87;p131;p563;p377;p194;p331,
ballot,,,p845;p812;p922;p884;p494;p469;p301;p707;p185;p914;p940;p174;p404;p463;p757;p108;p454;p591;p359;p372,
ballot,,,p748;p205;p241;p339;p879;p279;p908;p112;p429;p936;p418;p394;p612;p624;p245;p886,
ballot,,,p121;p569;p460;p620;p99;p47;p46;p797;p13;p943;p614;p723;p760;p578;p734;p153,
ballot,,,p942;p665;p374;p188;p685;p316;p375;p125;p826;p239;p722;p862;p356;p211,
ballot,,,p687;p788;p376;p803;p422;p158,
ballot,,,p399;p758;p556;p652;p831;p676;p753;p348;p535;p859;p172;p600;p827;p819;p373;p181,
ballot,,,p784;p169;p271;p990;p237;p495;p290;p877;p531;p92;p182;p3,
ballot,,,p629;p234;p713;p649;p515;p392;p419;p541;p847;p463;p606;p555;p701;p655;p560;p885;p85;p177;p173;p906,
ballot,,,p283;p606;p222;p432;p454;p210;p785;p889;p656;p540;p397;p788;p675;p938;p933;p681,
ballot,,,p806;p829;p718;p916;p95;p354;p450;p319;p581;p16;p558;p108;p106;p575;p61,
ballot,,,p999;p737;p803;p948;p230;p681;p205;p807;p565;p255;p796;p65;p177;p253;p833;p991;p466;p443;p349,
ballot,,,p83;p92;p354;p889;p7;p873,
ballot,,,p232;p511;p223;p212;p556;p743;p782;p474;p234;p9,
ballot,,,p27;p125;p697;p759;p536;p439;p460;p846;p228;p623;p617,
ballot,,,p732;p308;p430;p438;p828;p241;p118;p508;p895;p753;p368;p883;p978;p100;p887;p95;p586;p664;p463,
ballot,,,p136;p22;p192;p656;p506;p588;p59;p227;p888;p771;p28;p125;p851;p488;p745;p559,
ballot,,,p329;p389;p51;p544;p350;p531;p56;p776;p746;p261;p657;p476;p512,
ballot,,,p69;p215;p815;p744;p959;p714;p915;p374;p921;p551;p30;p660;p646;p923,
ballot,,,p216;p574;p275;p548;p820;p564;p250;p247;p267;p467;p906;p754;p547;p876;p875,
ballot,,,p67;p989;p611;p64;p284;p605,
ballot,,,p202;p978;p252;p931;p929;p226;p826;p759,
ballot,,,p831;p516;p136;p278;p782;p933;p868;p91;p301;p519;p456;p637;p223;p70;p719;p611;p514;p501;p115,
ballot,,,p827;p407;p762;p591;p849;p331;p998;p952;p113,
ballot,,,p552;p326;p473;p321;p56;p212;p300;p128;p735;p655;p304;p537;p149;p953;p515;p373;p738,
ballot,,,p769;p565;p113;p458;p719;p54;p534,
ballot,,,p271;p761;p899;p587;p250;p853;p87;p412;p181,
ballot,,,p412;p509;p273;p453;p951;p83;p888;p788;p800;p202;p481;p545;p566,
ballot,,,p115;p746;p605;p156;p901;p750;p981;p751;p832;p245;p841;p185;p66;p890;p612;p996,
ballot,,,p777;p211;p184;p83;p288;p852;p719;p18;p778;p973;p807;p999,
ballot,,,p250;p347;p396;p760;p104;p315,
ballot,,,p63;p780;p704;p739;p458;p293;p23;p374;p873;p221;p20;p988;p819;p40;p877;p181;p384;p85;p312;p426,
ballot,,,p918;p257;p359;p411;p998;p583;p74;p552;p834;p839;p30;p313;p100;p542;p79,
ballot,,,p953;p600;p566;p946;p551,
ballot,,,p616;p410;p19;p235;p976;p251;p932;p581;p357;p136;p801;p23;p943;p378;p971;p397,
ballot,,,p818;p286;p955;p994;p112;p741;p872;p525;p876;p16;p3;p154;p73;p814;p264;p939;p839,
ballot,,,p788;p329;p241;p503;p576;p956;p981;p822;p629;p378;p613;p555;p631;p723;p853;p750;p105;p897;p90,
ballot,,,p932;p533;p102;p413;p133;p620,
ballot,,,p487;p216;p73;p977;p527;p717;p58;p42;p264;p811;p927;p997;p648;p744;p797;p732,
ballot,,,p172;p474;p733;p575;p707;p911,
ballot,,,p534;p521;p314;p577;p800;p507;p935;p903;p941;p883;p650;p120;p452;p840,
ballot,,,p227;p899;p156;p258;p98;p749;p710;p620;p874;p382;p100;p106;p155;p764;p405,
ballot,,,p609;p686;p893;p150;p878;p141;p841;p876;p891;p105;p852;p188;p352,
ballot,,,p396;p807;p848;p785;p51;p673;p797;p858;p11;p489;p124;p179;p316;p59;p5;p560;p237;p57;p265,
ballot,,,p580;p627;p44;p516;p973,
ballot,,,p847;p179;p410;p709;p347;p38;p555;p860;p128;p231;p163;p112;p540;p914;p659;p822;p101;p648;p11;p190,
ballot,,,p93;p532;p185;p662;p340;p256;p735;p542;p749;p338;p869;p205;p302;p809;p265;p55,
ballot,,,p628;p637;p843;p29;p113;p25;p324;p372;p551;p720,
ballot,,,p245;p571;p461;p232;p630;p788,
ballot,,,p389;p577;p540;p53;p747;p621;p839;p56,
ballot,,,p107;p651;p219;p862;p394;p768;p904;p160;p962;p291;p755;p943,
ballot,,,p637;p419;p470;p458;p923;p683;p286;p305;p606;p239;p156;p323;p899;p799;p794;p322;p633;p217,
ballot,,,p500;p811;p786;p622;p227;p322;p671;p688;p266;p744,
ballot,,,p328;p449;p186;p515;p30;p507;p544;p637;p530;p487;p734;p11;p580;p374;p574;p705;p162;p116;p209;p192,
ballot,,,p52;p663;p187;p845;p297;p228;p130;p807;p758;p793;p473;p842;p903;p747;p370;p5;p36;p659;p796,
ballot,,,p571;p105;p818;p772;p504,
ballot,,,p205;p43;p665;p804;p27;p501;p402;p197;p300,
ballot,,,p316;p336;p582;p310;p701;p186;p575;p972;p810;p324;p830;p270;p967;p154;p852;p567;p451;p178;p635;p70,
ballot,,,p594;p437;p45;p841;p646;p764;p217;p716;p160;p830;p290;p518;p997;p496;p672;p18,
ballot,,,p907;p681;p682;p273;p720;p65;p468;p12;p591;p909;p892,
ballot,,,p586;p780;p213;p318;p319;p420;p585;p341;p825;p562;p899,
ballot,,,p222;p226;p625;p428;p985;p894;p630;p715;p814;p879;p297;p727,
ballot,,,p379;p776;p241;p316;p583;p513;p41;p346;p951;p615;p126;p595;p970;p489,
ballot,,,p357;p669;p17;p989;p533;p139;p670;p402;p34;p858;p369;p715;p2,
ballot,,,p692;p618;p34;p513;p994;p177;p590;p885;p956,
ballot,,,p896;p186;p711;p207;p643;p681;p363;p336;p809;p281;p47;p975;p415;p769;p899;p659,
ballot,,,p319;p810;p55;p122;p758,
ballot,,,p320;p419;p623;p149;p407;p104;p811;p869;p128;p495;p681;p563;p29;p551;p907;p679;p771,
ballot,,,p36;p341;p195;p854;p418;p193;p108,
ballot,,,p700;p498;p768;p653;p943;p243;p761;p333;p776,
ballot,,,p624;p511;p633;p964;p529;p779;p974;p36;p241;p628;p66;p61;p154;p605;p592;p581;p866;p243;p293;p195,
ballot,,,p816;p970;p370;p334;p450;p162;p716;p425;p715;p142;p133;p322;p236;p558;p411;p904,
ballot,,,p418;p174;p586;p730;p60;p296;p499;p26;p373;p786;p803;p659;p863;p144,
ballot,,,p322;p912;p266;p634;p565;p399;p316;p702;p998;p977;p533;p660,
ballot,,,p568;p446;p875;p471;p35;p64;p890;p708;p21;p323;p550;p776;p132;p900;p873;p882;p134;p399;p476,
ballot,,,p396;p803;p146;p15;p649;p342;p478,
ballot,,,p869;p516;p955;p980;p189;p632;p79;p118;p448;p815;p72;p16;p74;p408;p284,
ballot,,,p314;p114;p325;p531;p258;p701;p741;p472;p828,
ballot,,,p262;p156;p480;p180;p781;p451;p158;p780,
ballot,,,p516;p401;p192;p413;p722;p372;p840;p702;p948;p456;p964;p321;p546;p385,
ballot,,,p470;p982;p993;p26;p379;p198;p791,
ballot,,,p762;p253;p886;p273;p531;p446;p58;p698;p165;p789;p771,
ballot,,,p260;p618;p924;p143;p629;p639;p266;p532;p691,
ballot,,,p124;p362;p297;p549;p895;p530;p356;p18;p580;p649;p462;p162;p401;p206;p185;p473;p253;p207,
ballot,,,p776;p72;p531;p191;p996;p546;p753;p244;p979;p609;p538;p642;p889;p393;p986;p817;p81,
ballot,,,p933;p146;p921;p585;p47;p350;p855;p367;p606;p307;p685;p625;p450,
ballot,,,p410;p516;p298;p869;p156;p196;p909;p743;p572;p943;p546;p151;p592;p422;p680;p547,
ballot,,,p45;p550;p27;p406;p149;p909;p265;p556;p945;p179;p166,
ballot,,,p69;p460;p557;p800;p714;p733;p432;p477;p429;p630;p953;p788;p95;p397;p228;p780;p35,
ballot,,,p973;p11;p344;p907;p956;p657;p713;p604;p633;p208;p961,
ballot,,,p861;p634;p478;p567;p35;p802;p616,
ballot,,,p821;p549;p423;p468;p892;p430;p292,
ballot,,,p758;p217;p963;p978;p379;p290;p11;p989;p964,
ballot,,,p543;p966;p178;p375;p672;p549;p17,
ballot,,,p959;p657;p227;p636;p739;p823,
ballot,,,p739;p72;p958;p737;p271;p166;p604;p327;p215;p783;p109;p124,
ballot,,,p914;p132;p861;p125;p102;p656;p368;p673;p857;p137;p739;p714;p412;p901,
ballot,,,p755;p708;p43;p886;p75;p738;p389;p992;p998;p121;p412;p41;p248;p2;p736;p29;p55;p667;p40;p284,
ballot,,,p339;p171;p685;p163;p405;p509;p659;p255;p848;p559;p507;p195;p557;p145;p532;p901;p690,
ballot,,,p952;p495;p679;p280;p2;p414;p949;p631;p989;p710;p565;p982;p452;p164;p315;p57;p875;p407;p300,
ballot,,,p243;p945;p399;p835;p169;p496;p354;p988;p212;p985,
ballot,,,p49;p493;p118;p659;p160;p596;p557;p208;p953;p964,
ballot,,,p959;p807;p528;p308;p256;p179;p569;p16;p18;p48;p336;p878;p856;p984,
ballot,,,p817;p112;p613;p545;p777;p750;p170;p916;p132;p641;p576;p497;p934;p930,
ballot,,,p375;p304;p727;p239;p511;p758,
ballot,,,p254;p658;p351;p329;p805;p533,
ballot,,,p183;p58;p411;p480;p390;p408;p991;p911;p960;p471;p608,
ballot,,,p677;p879;p343;p212;p691;p140;p851;p441;p893;p679;p62;p60;p466;p834;p852,
ballot,,,p982;p377;p703;p349;p246;p74;p663,
ballot,,,p911;p326;p132;p131;p49,
ballot,,,p971;p540;p687;p286;p32;p737;p384;p826;p992;p864;p945;p72;p838;p19;p688;p530;p702,
ballot,,,p137;p201;p432;p529;p313;p413;p52;p337;p885;p759,
ballot,,,p875;p925;p312;p254;p708;p11;p550;p298;p310;p334;p437;p613;p366;p326;p756;p845,
ballot,,,p992;p940;p921;p937;p490,
ballot,,,p396;p548;p410;p312;p367,
ballot,,,p851;p879;p916;p86;p685,
ballot,,,p97;p826;p769;p508;p631;p206;p809;p567,
ballot,,,p559;p792;p738;p822;p490;p638;p504,
ballot,,,p167;p936;p962;p659;p707;p626;p521;p318;p974;p332;p585;p120;p764;p224;p124;p895;p515;p6,
ballot,,,p132;p622;p721;p258;p496;p828;p742;p888;p416;p417;p616;p387;p635;p238;p475;p602;p456;p801;p627;p872,
ballot,,,p415;p577;p377;p673;p774;p722;p756;p194;p330;p105;p555;p564,
ballot,,,p490;p7;p595;p568;p124;p561;p133;p4;p888;p664;p176;p992;p571;p548,
ballot,,,p973;p704;p399;p226;p161;p156;p42;p990;p43;p260;p283;p894;p849;p584;p694;p119,
ballot,,,p733;p161;p478;p937;p945;p231;p171;p927;p16;p841;p717;p334;p889;p415;p25;p310;p730;p802,
ballot,,,p285;p682;p272;p152;p516;p443;p360,
ballot,,,p240;p770;p357;p911;p943;p436;p900;p64;p516;p797;p716;p118;p870;p368;p846;p126;p337,
ballot,,,p39;p300;p180;p887;p396;p325;p294;p784;p104;p819;p601;p468,
ballot,,,p292;p272;p17;p316;p760;p595,
ballot,,,p414;p593;p681;p395;p733;p358;p366;p955;p472;p154;p6;p247;p621;p686;p416;p732,
ballot,,,p929;p527;p861;p229;p569;p588;p316;p758;p653;p835;p325;p732;p22;p368;p856;p73;p579;p398,
ballot,,,p5;p175;p993;p438;p35;p91;p451,
ballot,,,p979;p704;p431;p444;p264;p108;p511;p643;p566;p172;p967,
ballot,,,p512;p169;p398;p297;p38;p27;p40;p272;p223;p243;p677;p44;p189,
ballot,,,p396;p326;p235;p165;p650;p83;p243;p511;p668;p898;p523;p122;p7;p471,
ballot,,,p983;p170;p249;p160;p969;p337;p190;p765;p712;p841;p937;p824;p510;p861;p554;p580;p417;p108;p758,
ballot,,,p133;p387;p717;p400;p618;p670;p68;p351;p900;p156;p185;p49;p872;p169,
ballot,,,p406;p702;p1000;p677;p197;p684;p811,
ballot,,,p635;p422;p108;p133;p343,
ballot,,,p48;p120;p703;p22;p61;p727;p464;p258;p227;p789;p499;p65;p291;p36;p371;p699;p584;p593;p685,
ballot,,,p411;p735;p758;p83;p783;p980,
ballot,,,p345;p824;p932;p476;p711;p159;p749;p411;p933;p413,
ballot,,,p380;p590;p668;p238;p751;p170;p895;p40;p151;p160;p884;p890;p896;p949;p396;p760;p582;p969,
ballot,,,p555;p612;p548;p403;p474;p512;p824;p495;p623;p175;p277,
ballot,,,p935;p804;p326;p832;p18;p31;p581;p474;p492;p884;p959;p197;p292;p898;p248;p3;p194,
ballot,,,p108;p167;p953;p453;p485;p594,
ballot,,,p769;p347;p438;p884;p99;p989;p65;p443;p300;p461;p400;p460;p369;p940,
ballot,,,p357;p375;p810;p350;p223;p50;p222;p190;p370;p427;p72;p570;p235;p935;p783;p282;p740;p569,
ballot,,,p973;p920;p265;p294;p826;p709;p330;p400;p479;p813;p558;p138;p903,
ballot,,,p839;p661;p722;p832;p531;p364;p85;p501;p656;p296;p953;p786;p315;p755;p174;p975;p665;p802;p626,
ballot,,,p193;p215;p348;p831;p194;p835;p7,
ballot,,,p482;p398;p121;p179;p137;p943;p3;p898;p675;p248;p991;p469;p401;p901;p167;p667;p417,
ballot,,,p488;p122;p899;p434;p43;p850;p318;p429;p194;p589;p379,
ballot,,,p5;p463;p87;p908;p56;p85;p880;p767;p865;p602;p37;p129;p244,
ballot,,,p613;p612;p107;p437;p762;p547;p860;p408;p568;p756;p267;p62;p84,
ballot,,,p170;p174;p491;p530;p295;p224;p503;p480;p422;p145;p731;p907;p919;p823;p119,
ballot,,,p612;p993;p19;p562;p418,
ballot,,,p739;p755;p291;p791;p813;p107;p80;p151;p896;p308;p853;p506;p759;p129;p281;p347;p801,
ballot,,,p350;p558;p584;p297;p66;p571;p426;p635;p529,
ballot,,,p210;p910;p405;p247;p287,
ballot,,,p205;p775;p499;p54;p18;p189;p565;p790;p883;p449;p876;p364,
ballot,,,p528;p132;p573;p426;p719;p720;p1000;p375;p776;p518;p664;p274;p705;p374;p717,
ballot,,,p815;p967;p379;p752;p328;p459;p228;p22;p650;p282;p122;p817;p182;p477;p685;p301,
ballot,,,p768;p629;p138;p900;p657;p114;p803;p792,
ballot,,,p179;p431;p774;p901;p829;p151;p315;p820;p100;p345;p797;p85;p250;p818;p311,
ballot,,,p556;p510;p782;p258;p884;p858;p894;p300;p439;p267;p716;p733,
ballot,,,p348;p853;p99;p142;p507;p17;p981;p651;p565;p582;p323;p825;p989;p591;p529;p281,
ballot,,,p637;p271;p4;p512;p224;p578;p926;p710;p918,
ballot,,,p500;p454;p736;p319;p124;p15;p130;p827;p781;p409;p342;p360;p147;p841;p188;p953;p258,
ballot,,,p357;p210;p863;p494;p7;p516;p195;p577;p989;p26;p87;p323;p317;p586;p813;p411;p227;p245,
ballot,,,p313;p643;p288;p995;p279;p974;p235;p713;p326;p862;p947;p761;p556;p272;p922;p677;p788;p702,
ballot,,,p613;p978;p602;p114;p354;p327;p900;p417,
ballot,,,p814;p188;p443;p875;p211;p551;p903;p506;p163;p841;p298;p492;p843;p508;p33;p84;p337;p120;p13;p713,
ballot,,,p106;p461;p858;p342;p123;p806;p720;p772;p280;p362;p309;p376,
ballot,,,p878;p61;p230;p30;p894,
ballot,,,p197;p882;p623;p383;p244;p81;p657;p250;p773;p231;p495;p177;p750;p432;p620;p776;p615;p791;p908,
ballot,,,p82;p794;p699;p378;p896;p424;p657;p861;p910;p66,
ballot,,,p931;p178;p840;p346;p344;p475;p597;p352;p448;p939,
ballot,,,p915;p313;p866;p737;p956;p882;p526,
ballot,,,p793;p554;p736;p856;p198;p614;p518;p962,
ballot,,,p324;p301;p515;p90;p372;p368;p813;p406;p851;p172;p96;p480;p533;p647,
ballot,,,p117;p59;p983;p151;p341;p842;p2;p688;p512;p135;p764;p445;p600;p801;p809;p860;p175;p95;p578,
ballot,,,p607;p674;p553;p807;p969;p77,
ballot,,,p632;p258;p311;p647;p679;p452;p858;p235;p616;p841;p834,
ballot,,,p682;p26;p591;p295;p441;p336,
ballot,,,p862;p632;p808;p61;p295;p88;p500;p460;p442;p357;p756;p811;p612;p868;p532;p229,
ballot,,,p832;p488;p933;p310;p953;p821;p680,
ballot,,,p647;p413;p965;p778;p56,
ballot,,,p692;p482;p661;p341;p950;p427;p2;p822;p581;p808;p422;p988;p45;p32;p734;p258;p957,
ballot,,,p866;p927;p55;p48;p911;p72;p28;p581;p91,
ballot,,,p544;p247;p241;p307;p848;p676;p608;p526,
ballot,,,p713;p131;p33;p345;p601;p478;p481;p746;p255;p2;p840;p690;p371;p408;p613;p299;p788;p188;p454,
ballot,,,p782;p69;p605;p929;p688;p861;p382;p798;p578;p32;p852;p148;p264;p489;p259;p400;p1;p829;p530;p10,
ballot,,,p117;p57;p362;p370;p662;p297,
ballot,,,p974;p848;p211;p108;p189;p786;p256;p885;p518;p48;p692;p501;p882;p638;p650;p529,
ballot,,,p939;p551;p136;p659;p51;p787;p772;p266;p770;p915;p938;p142;p28;p446;p844;p143;p21,
ballot,,,p53;p138;p789;p459;p692;p682;p424;p837,
ballot,,,p613;p475;p810;p840;p571;p931;p354;p908;p388;p377;p103;p915;p799;p410;p822;p813;p584,
ballot,,,p877;p88;p582;p925;p726;p58;p44;p683,
ballot,,,p290;p675;p533;p341;p426;p604;p115,
ballot,,,p362;p204;p576;p130;p999,
ballot,,,p93;p515;p530;p872;p435;p290;p203;p450;p896,
ballot,,,p570;p121;p554;p981;p329;p563;p761;p504;p690;p661;p876;p590;p6;p503;p200;p844;p830;p164;p705,
ballot,,,p227;p265;p189;p683;p726;p472;p769;p852;p310;p894;p651;p633,
ballot,,,p295;p368;p403;p72;p639;p162;p961;p846;p809;p77,
ballot,,,p767;p428;p842;p634;p47;p104;p474;p278;p321;p522;p520;p451;p544;p685;p638;p201;p538,
ballot,,,p183;p496;p461;p778;p54;p167;p865;p459;p553;p910;p724;p371;p178;p593;p529;p127;p980;p123,
ballot,,,p271;p414;p510;p619;p568;p291;p189;p24;p950;p39;p535,
ballot,,,p100;p867;p580;p267;p783;p919;p984;p837;p833;p98;p275;p592;p360,
ballot,,,p58;p76;p290;p607;p167;p771;p433;p703;p353;p973;p636;p893,
ballot,,,p23;p326;p45;p265;p575;p570;p583;p594;p357;p240;p363;p643;p584;p480;p913;p519;p384;p491;p7;p369,
ballot,,,p366;p342;p353;p46;p728;p934;p20;p42;p435;p997;p529;p244;p957;p639;p590;p801;p914;p432,
ballot,,,p93;p671;p751;p794;p793;p96;p444;p745;p780;p651;p800;p456;p451,
ballot,,,p237;p124;p765;p207;p831;p28;p144;p978;p293;p590;p718;p290;p424;p271;p559,
ballot,,,p655;p212;p698;p414;p412;p671;p646;p143;p791;p286;p9;p142;p741;p107,
ballot,,,p305;p411;p654;p564;p703;p275;p327;p339;p112;p249;p451;p332;p524;p15;p85;p559;p481;p768;p194;p952,
ballot,,,p773;p531;p912;p913;p474;p676;p20;p733;p463;p843;p212;p775,
ballot,,,p62;p121;p616;p709;p300;p414;p998;p764;p4;p403;p772;p661;p458;p341;p89;p192;p263;p827,
ballot,,,p494;p983;p937;p800;p711;p607;p132;p429,
ballot,,,p378;p563;p381;p484;p865;p454;p133,
ballot,,,p562;p740;p397;p569;p282;p652;p698;p94;p493;p572;p243;p452;p82;p782,
ballot,,,p599;p372;p873;p615;p158,
ballot,,,p930;p70;p798;p294;p770;p25,
ballot,,,p12;p647;p243;p381;p166;p105;p229;p201;p234;p629;p690;p701;p339;p722,
ballot,,,p205;p728;p654;p849;p181;p943;p703;p626;p889;p753;p692;p859;p760;p837;p188;p736;p9;p365,
ballot,,,p622;p207;p939;p537;p371;p366;p159;p790;p964;p81;p1,
ballot,,,p468;p418;p488;p9;p523;p899;p189;p294;p773;p653;p683;p598,
ballot,,,p855;p83;p710;p638;p968;p381;p136;p720;p397;p907,
ballot,,,p451;p471;p187;p55;p870;p575;p704;p440,
ballot,,,p977;p392;p750;p924;p495;p971;p436;p962;p768;p395;p433;p823;p968;p235;p160;p60;p374;p34,
ballot,,,p556;p442;p9;p81;p338,
ballot,,,p212;p668;p872;p675;p305;p643;p246;p492;p902;p928;p494;p354;p125,
ballot,,,p770;p81;p543;p221;p811;p615;p160;p44;p761;p203,
ballot,,,p167;p452;p378;p71;p153;p593;p431;p267;p308,
ballot,,,p476;p782;p584;p556;p825;p185;p481;p316;p547;p829;p809;p306;p472;p273;p309;p198,
ballot,,,p191;p890;p323;p742;p155;p909;p100;p640;p490;p764;p600;p487;p88;p562;p540;p34;p717;p747;p760,
ballot,,,p279;p490;p148;p595;p981;p495;p270;p556;p726;p700;p607;p431;p464;p909;p210;p21,
ballot,,,p357;p413;p238;p777;p888;p881;p626;p236;p366,
ballot,,,p900;p946;p229;p459;p173;p927;p515;p335;p655;p625,
ballot,,,p758;p478;p48;p773;p204;p576;p954;p320;p603;p527;p308;p62;p303;p215;p7;p499;p66;p16;p817,
ballot,,,p775;p380;p362;p114;p97;p75;p663;p685;p368;p505,
ballot,,,p353;p169;p401;p656;p439;p103,
ballot,,,p871;p273;p66;p222;p597;p659;p586;p655;p393;p500;p227;p927;p599;p917;p663;p679;p407,
ballot,,,p749;p353;p199;p557;p937;p647;p670;p53;p408;p173;p328;p491;p1000;p99,
ballot,,,p390;p171;p609;p407;p10,
ballot,,,p221;p355;p260;p508;p222;p91;p569;p780;p621;p825;p721;p336;p794;p895;p261;p395,
ballot,,,p138;p403;p826;p355;p965;p104;p150;p884;p784;p149;p18;p953;p171;p446;p481,
ballot,,,p46;p330;p953;p423;p886;p884,
ballot,,,p33;p375;p936;p357;p224;p58,
ballot,,,p232;p558;p497;p712;p614;p106;p776;p982;p851;p606;p886,
ballot,,,p197;p499;p748;p129;p34;p292;p952;p568;p510;p761;p767;p569;p167;p432;p681;p591,
ballot,,,p703;p363;p545;p296;p297,
ballot,,,p556;p440;p120;p875;p772;p813,
ballot,,,p420;p15;p860;p967;p344;p840;p263;p939;p122;p76;p411;p189;p208;p66;p722;p642;p193;p621;p950;p882,
ballot,,,p610;p467;p371;p886;p728;p898;p94;p830;p724;p894;p517;p21;p319;p374;p401;p626;p245;p654;p168,
ballot,,,p441;p203;p733;p297;p334;p734;p964;p197;p664;p655;p210;p23;p206;p217;p538;p930;p487;p791;p649;p480,
ballot,,,p989;p995;p249;p940;p532;p689;p742;p159;p922;p763;p687,
ballot,,,p801;p12;p277;p665;p173;p363;p645;p50;p545,
ballot,,,p796;p569;p813;p484;p365;p561;p5;p758,
ballot,,,p848;p346;p757;p720;p114;p792;p151;p627;p198;p928;p22;p675;p497;p410;p414;p857;p439,
ballot,,,p460;p116;p18;p922;p125;p708;p714;p838;p269;p855;p626;p73;p812;p64;p249;p831;p835;p909,
ballot,,,p195;p670;p674;p877;p536,
ballot,,,p490;p65;p8;p265;p458;p926;p567;p742;p383;p328;p178;p149;p411;p861,
ballot,,,p870;p914;p682;p611;p681;p777,
ballot,,,p683;p770;p279;p55;p789;p894;p993;p534;p109;p938;p395;p578;p516;p168;p3;p6;p822,
ballot,,,p709;p855;p505;p134;p665;p343;p557;p262;p498;p527;p984;p904;p317;p550;p972;p622;p128,
ballot,,,p539;p627;p204;p876;p606;p9;p618;p531;p767;p138;p727;p946;p932;p593,
ballot,,,p61;p711;p850;p774;p729;p207;p403;p732;p630;p122;p4;p256;p309;p488;p830;p236,
ballot,,,p362;p313;p145;p747;p400;p951;p897;p349;p104;p564;p421;p220;p538;p140;p708;p645;p942;p780;p575;p936,
ballot,,,p457;p699;p726;p419;p941;p861;p541;p620;p395;p41;p513;p364;p400;p495;p635;p368;p265,
ballot,,,p810;p587;p787;p597;p770;p357;p854;p855;p797;p815,
ballot,,,p356;p457;p156;p991;p286;p547;p248;p572;p141;p239;p945;p421;p390;p826,
ballot,,,p971;p349;p451;p497;p38;p474;p423;p47;p883;p307;p159;p592,
ballot,,,p173;p396;p884;p524;p892;p193;p359;p201;p784;p465,
ballot,,,p125;p47;p442;p134;p746;p314;p894;p479;p139;p296;p361;p383;p765;p273;p831,
ballot,,,p202;p563;p857;p765;p174;p127;p600;p782;p121;p994;p359;p120;p42;p409,
ballot,,,p977;p561;p783;p255;p800;p36;p972;p738;p796;p900;p430;p886;p355;p736,
ballot,,,p955;p382;p303;p163;p109;p671;p716;p848;p235;p24;p997;p545;p123;p272;p378;p670;p269,
ballot,,,p548;p507;p410;p317;p85;p8;p969;p247;p971;p864;p495;p794,
ballot,,,p881;p853;p389;p265;p692;p222;p753;p803;p985;p49;p41;p102;p105;p785;p381;p691;p37;p482;p169;p234,
ballot,,,p130;p196;p752;p904;p170;p121;p392;p545;p16;p516;p108;p618,
ballot,,,p71;p920;p192;p326;p865;p252,
ballot,,,p166;p359;p735;p68;p245;p928;p487;p683;p348;p490;p378;p273,
ballot,,,p246;p746;p113;p673;p239;p854;p957,
ballot,,,p363;p351;p683;p703;p14;p221;p503;p178;p596;p873;p242;p688;p530;p590,
ballot,,,p662;p920;p824;p19;p429,
ballot,,,p304;p110;p257;p151;p86;p459;p438;p698;p864;p447;p896;p229;p240;p332;p975;p20;p503;p373;p580;p663,
ballot,,,p947;p47;p60;p61;p407;p430;p558;p681;p751,
ballot,,,p404;p64;p329;p697;p419;p16;p358;p769;p582;p656;p804;p218;p283;p30;p520;p989;p682;p27;p242,
ballot,,,p711;p262;p591;p893;p466;p346;p508;p394;p608;p352;p730,
ballot,,,p65;p124;p203;p755;p373;p430;p201,
ballot,,,p807;p392;p465;p798;p285;p110;p705;p823;p223;p552;p670;p241;p776;p872;p333;p667;p774,
ballot,,,p762;p808;p987;p660;p618;p998;p857;p322;p395;p739;p601;p354;p117;p41;p87;p180;p678,
ballot,,,p982;p476;p478;p156;p557;p556;p915;p511;p530;p265;p103;p928;p661;p307;p974;p892;p751;p354;p990,
ballot,,,p24;p480;p710;p365;p212;p322;p314;p543;p515;p16;p883;p993;p108,
ballot,,,p260;p880;p525;p973;p507;p138;p547;p78,
ballot,,,p728;p233;p693;p734;p289;p650,
ballot,,,p977;p637;p342;p313;p631;p668;p978,
ballot,,,p600;p753;p443;p774;p303;p785;p59;p976;p496;p56;p585,
ballot,,,p734;p596;p732;p4;p340;p610;p545;p956;p745;p237;p438;p332;p32,
ballot,,,p762;p879;p480;p625;p806;p827;p82;p376;p62;p963;p329;p20;p794;p161;p280,
ballot,,,p488;p974;p703;p582;p496;p334;p806;p971;p45;p679;p304;p471;p397;p887;p193;p710,
ballot,,,p119;p620;p427;p224;p560;p682;p176;p414;p130;p20;p273,
ballot,,,p274;p474;p557;p432;p281;p150;p705;p961;p795;p187;p353;p112,
ballot,,,p518;p77;p923;p37;p311;p938;p920;p313;p531;p74;p79,
ballot,,,p181;p761;p458;p21;p736;p99;p416;p67;p902;p155;p495;p625;p228;p355;p538;p741;p331;p728;p749;p507,
ballot,,,p748;p481;p455;p898;p247;p519;p225;p578;p311;p118,
ballot,,,p848;p755;p109;p643;p482;p679;p416;p111;p900;p440;p302;p200;p232;p320;p635;p956;p621;p32;p168,
ballot,,,p628;p471;p499;p264;p874;p827;p578;p813;p481;p997;p32;p348;p551;p92,
ballot,,,p940;p21;p316;p304;p131;p71;p590;p600;p182;p194;p610;p656;p876;p735;p98;p988,
ballot,,,p528;p191;p70;p338;p594;p546;p756;p525;p964;p524;p366,
ballot,,,p12;p736;p748;p31;p865;p5;p181,
ballot,,,p478;p388;p41;p859;p720;p828;p335;p862;p802;p374;p334;p693;p905;p359;p971,
ballot,,,p105;p897;p52;p740;p50;p935;p155;p186;p510;p430;p286;p183;p803,
ballot,,,p502;p423;p284;p322;p453;p92;p833;p964;p97;p893;p648,
ballot,,,p920;p760;p799;p386;p120,
ballot,,,p419;p13;p889;p364;p188;p803;p997,
ballot,,,p583;p614;p440;p566;p348,
ballot,,,p976;p178;p992;p77;p663;p365;p424;p744;p286;p556;p995;p953,
ballot,,,p927;p548;p784;p616;p73;p623;p926;p496;p839,
ballot,,,p72;p257;p54;p708;p143;p162;p153;p292;p626;p649;p926;p441;p301;p584;p241;p932,
ballot,,,p677;p596;p409;p986;p554;p791;p31;p109;p873;p487;p220;p373;p997,
ballot,,,p755;p830;p360;p683;p471;p240;p865;p407;p664;p247;p628,
ballot,,,p851;p848;p969;p764;p250;p723;p658;p580,
ballot,,,p121;p399;p447;p773;p695;p5;p854;p689;p201,
ballot,,,p510;p640;p716;p298;p91;p415;p448;p338;p551;p706;p496;p792;p276;p947;p80;p935,
ballot,,,p53;p700;p526;p125;p900;p445;p138,
